id,Ime,Kraj,Drzava,Starost,Telefon,Teza,Hemoglobin,datum_vloge
039189,Vere McElree,Niemodlin,Poland,39,(188) 3696393,130.6,766.28,24/11/2007
748619,Maggie McGurn,Pöytyä,Finland,26,(379) 6357386,112.2,781.46,27/12/2017
335038,Roana Southcomb,Dobroměřice,Czech Republic,63,(468) 3819939,52.7,1048.99,16/04/2007
269577,Glenine Kinset,Udobnaya,Russia,61,(417) 4605896,88.3,728.17,22/02/2016
370661,Christal Algore,Złota,Poland,38,(264) 6214676,66.4,542.24,08/04/2012
609213,Cullin Graveston,Vales,Portugal,62,(289) 8612156,137.8,1536.39,15/12/2013
883418,Jose Tivolier,Köping,Sweden,46,(191) 3604188,79.8,1954.41,12/03/2013
093009,Lucio Suddell,Bizhbulyak,Russia,52,(896) 6367458,51.0,1946.46,24/09/2009
789852,Wolfy Birch,Kragujevac,Serbia,21,(483) 4169320,120.7,1189.19,15/10/2000
030589,Toinette Aloway,Tours,France,65,(271) 3759805,116.1,1490.97,19/05/2007
638985,Flint Rooper,Patos Fshat,Albania,48,(373) 1767550,67.4,1726.56,24/08/2010
224346,Regen Trimble,Sutton,Ireland,48,(696) 9406297,133.8,827.68,18/04/2007
906830,Adelice McKeaney,Sąspów,Poland,24,(117) 1097582,135.6,387.11,26/03/2008
563675,Dorelia Rozycki,Saint-Denis,France,39,(706) 6575912,99.9,1332.09,01/12/2012
908007,Weston Drust,Guingamp,France,27,(490) 3215808,148.6,1306.4,23/12/2012
063379,Harlen De Rye Barrett,Bochum,Germany,55,(106) 8310931,147.4,527.07,18/07/2016
057421,Gaye Glencrash,Zdice,Czech Republic,32,(228) 6305241,85.1,1869.59,09/09/2007
080333,Aline Aindriu,Przewóz,Poland,24,(397) 4433786,105.2,1997.04,28/02/2002
745461,Alexi Queste,Åkersberga,Sweden,49,(242) 6529081,51.7,1997.07,14/04/2018
001372,Blisse Exon,Kalino,Russia,39,(174) 1998387,117.3,1921.22,14/03/2007
141855,Celene Murrells,Чучер - Сандево,Macedonia,55,(793) 8089935,133.7,1498.38,16/05/2001
057132,Rhona Tantrum,Longjumeau,France,20,(515) 4620140,114.8,1950.99,01/12/2010
796347,Winn Wellard,Skopin,Russia,52,(663) 8167806,50.8,1803.21,16/08/2000
957385,Dare Arendt,Tsaghveri,Georgia,35,(635) 3119733,104.0,892.71,18/06/2012
872584,Tally Koenraad,Monte-Carlo,Monaco,37,(442) 6534800,88.3,1270.16,24/09/2004
179484,Sonni Imbrey,Venëv,Russia,24,(324) 8264941,82.5,1787.41,15/01/2016
687918,Alexa Blasli,Rakek,Slovenia,58,(236) 7414163,125.6,1512.17,30/07/2002
261589,Franni Moult,Otllak,Albania,63,(856) 5112458,123.5,1511.72,10/11/2007
294512,Kalindi McCurdy,Ribeiro,Portugal,60,(995) 9904818,65.7,694.29,01/02/2007
170770,Brittan Thomazet,Paço,Portugal,28,(685) 6828377,76.1,1668.88,09/08/2004
395513,Diena O'Kynsillaghe,Działdowo,Poland,53,(328) 3869574,98.3,124.78,29/03/2009
632262,Tess Lambart,Kizlyar,Russia,46,(201) 3727607,104.3,1890.33,25/05/2007
855772,Sean Heibel,Nakhchivan,Azerbaijan,18,(175) 8495209,127.9,1941.07,19/11/2010
793233,Xaviera Ferry,Ovsyanka,Russia,42,(946) 7231700,77.4,1235.33,17/06/2008
104071,Damaris Korneluk,Iłowo -Osada,Poland,22,(525) 2381389,149.5,810.1,11/04/2002
382157,Sadie Marskell,Lokot’,Russia,24,(809) 5239030,145.7,577.3,11/09/2011
500784,Henrietta Yellowlea,Satinka,Russia,40,(681) 3958671,84.5,1577.64,09/02/2019
415708,Kimmy Jarrett,Växjö,Sweden,43,(538) 2157163,80.8,519.12,27/09/2006
346476,Avie Bernardini,Krasica,Croatia,53,(434) 5364575,78.3,810.54,17/02/2008
607692,Adelbert Younger,Åkersberga,Sweden,41,(141) 3674453,65.3,1580.51,02/01/2015
962526,Olivia Ebenezer,Brušperk,Czech Republic,33,(252) 9858626,102.2,282.33,18/12/2012
488992,Priscella Meek,Tsaritsyno,Russia,32,(106) 1247533,55.3,1569.75,29/09/2006
806040,Pepito Reggio,Predavac,Croatia,31,(297) 8799825,95.2,1384.28,31/10/2015
183854,Orel Titcombe,Budziszewice,Poland,35,(179) 4859395,136.7,1937.63,02/02/2005
495864,Israel Dron,Hroznětín,Czech Republic,51,(367) 8954219,101.1,1628.23,15/05/2014
133153,Elsbeth Ivanyukov,Saraktash,Russia,44,(270) 3159551,80.3,113.41,23/01/2015
417779,Carroll Lacknor,Gränna,Sweden,51,(349) 8370843,118.2,757.85,02/04/2006
670154,Toma Hauck,Murça,Portugal,34,(718) 4134268,118.2,1578.95,04/01/2006
053355,Electra Margetson,Gorno Orizari,Macedonia,34,(318) 8613258,52.4,381.85,29/11/2005
446860,Nana Beswell,Bobowa,Poland,26,(224) 1694503,137.0,952.07,03/05/2018
283994,Othilia Vanstone,Grębów,Poland,53,(969) 7702234,74.6,406.12,14/03/2017
901436,Colline Watson,Častolovice,Czech Republic,56,(266) 3615679,86.7,1210.91,13/10/2005
840651,Flo Nield,Žďár nad Sázavou Druhy,Czech Republic,45,(193) 8937656,116.7,166.72,20/01/2011
792598,Timothea Garron,Jabłonica Polska,Poland,50,(473) 9198740,106.7,1291.57,28/08/2016
470145,Kendell Huddy,Saint-Ouen,France,19,(980) 6812983,68.5,1860.46,24/06/2005
183890,Leonerd Terbruggen,Gorbunki,Russia,46,(983) 7881276,99.3,1054.97,22/04/2017
203642,Rockie Whitcomb,Ostružnica,Serbia,23,(712) 9620713,64.5,224.04,16/12/2009
255335,Waylen Feifer,Lávara,Greece,58,(388) 1499820,87.6,1139.63,30/10/2017
680009,Oran Jankovsky,Klimavichy,Belarus,38,(531) 3773856,51.7,1299.1,28/01/2003
553421,Dorrie Beadham,Portumna,Ireland,24,(771) 1915302,137.9,449.48,25/04/2001
896587,Jenelle Poulney,Monte de Fralães,Portugal,64,(690) 6511619,149.1,168.09,07/04/2013
743480,Bay Lansley,Álimos,Greece,31,(101) 2102207,121.3,230.14,16/11/2013
702647,Amandie Marsland,Arnhem,Netherlands,40,(535) 2443885,84.2,1908.45,08/01/2016
243444,Stesha Sidwick,Ceranów,Poland,22,(695) 3209862,89.4,896.97,27/03/2016
646041,Jakob Reape,Avignon,France,39,(407) 5807279,129.9,137.16,25/04/2014
493141,Sheridan Hunnaball,Yeghegnut,Armenia,36,(382) 5237432,128.8,117.13,27/10/2008
956819,Lind Fihelly,Kirovskaya,Russia,29,(948) 4421619,68.4,1842.88,27/11/2016
142943,Lev Blacklawe,Angoulême,France,32,(669) 6815349,132.2,1211.71,10/11/2002
796307,Budd Bonnesen,Radom,Poland,35,(559) 6011445,58.6,688.55,23/03/2004
759387,Monique Zum Felde,Kopidlno,Czech Republic,43,(827) 3543568,135.7,214.68,11/02/2008
183879,Blake Northgraves,Bagan,Russia,44,(433) 6546371,83.6,1802.51,25/11/2015
404529,Verena Bemlott,Pazarić,Bosnia and Herzegovina,24,(219) 7598553,117.7,1449.78,24/02/2007
905586,Con Edward,Dziergowice,Poland,49,(360) 1765223,108.6,1079.03,06/03/2007
037255,Rosamund Haldin,Arcachon,France,52,(125) 9386316,136.1,1863.42,07/09/2010
925015,Christan Billingsley,Książ Wielkopolski,Poland,38,(968) 5959803,107.8,817.61,18/12/2010
521385,Collie Ree,Jeżów Sudecki,Poland,29,(481) 8370221,110.0,1766.35,24/02/2011
248135,Sheffy Dovermann,Mejdan - Obilićevo,Bosnia and Herzegovina,64,(402) 1660104,127.6,447.95,24/10/2012
601778,Abeu Elrick,Chynów,Poland,58,(174) 7021782,65.0,1534.73,31/12/2011
873612,Val Kimpton,Újezd,Czech Republic,60,(451) 3169359,62.4,395.64,23/12/2011
170448,Manny Corona,Riđica,Serbia,18,(252) 2984999,140.8,112.56,03/03/2010
045771,Francisco Hucks,Dzhiginka,Russia,24,(208) 5232140,63.7,1641.1,01/05/2006
994465,Rog Dillingham,Aveiro,Portugal,53,(774) 7801502,56.1,1594.62,14/03/2012
278580,Gussy Goolding,Abakan,Russia,23,(654) 4062336,132.6,1402.37,19/09/2011
066571,Tuck Brede,Vysočany,Czech Republic,65,(480) 9920091,93.5,1976.88,01/02/2014
393025,Gaspar Daoust,Koryukivka,Ukraine,62,(189) 7234882,124.7,301.61,26/06/2015
789369,Berte Medina,Trinaterra,Portugal,43,(552) 2305395,52.2,1367.35,14/01/2019
321406,Shellysheldon Busen,Vrbovec,Czech Republic,53,(731) 9140533,102.3,844.49,08/04/2002
950860,Alix Matussow,Páno Polemídia,Cyprus,61,(264) 2966004,137.9,1954.0,08/10/2011
260889,Nealon Agg,Reda,Poland,37,(686) 3358416,57.0,1742.12,14/03/2018
949548,Benedikta Willan,Pau,France,42,(202) 8668912,58.7,1568.98,10/11/2000
782992,Brent Richardes,Saint-Étienne,France,31,(268) 4499969,89.6,939.79,14/10/2010
844489,Johnnie Lathom,Lubomierz,Poland,63,(307) 9505526,128.0,1779.76,26/03/2005
891989,Skye Solano,Annonay,France,19,(416) 1986048,126.6,549.97,14/05/2019
502695,Lou Tweedell,Pniv,Ukraine,22,(189) 7699141,108.1,757.35,22/08/2018
172265,Ulrick Magson,Santa Cruz,Portugal,65,(251) 5459234,90.1,693.38,20/09/2011
392302,Kary Corbridge,Solnechnyy,Russia,53,(680) 8926657,86.8,1849.22,29/07/2009
571724,Leora Furnell,Petrodvorets,Russia,48,(502) 9453843,133.2,354.71,10/08/2000
668921,Kesley Stot,Tisno,Croatia,48,(977) 7552956,128.8,750.26,24/03/2002
705246,Rollo Buscher,Marseille,France,48,(232) 1222921,124.9,1045.82,24/10/2008
479173,Madlin Tunder,Komorniki,Poland,18,(429) 6354669,99.4,394.24,15/01/2005
230149,Bertrando McIlvenny,Krásná Hora nad Vltavou,Czech Republic,59,(733) 4623750,133.7,960.16,26/12/2005
796269,Spenser Gresser,Birzai,Lithuania,54,(601) 9849252,94.5,1848.7,22/03/2008
987884,Lindsey Gisbourn,Grzechynia,Poland,27,(381) 7989027,77.7,563.49,21/01/2018
163876,Wesley Swindlehurst,São Sebastião,Portugal,58,(834) 5801059,98.9,1365.76,21/01/2002
931451,Timi Rambadt,Montreuil,France,52,(546) 8221851,128.7,508.3,14/10/2008
221179,Jillana Hancox,Chão,Portugal,62,(720) 9422196,57.1,1547.14,07/12/2017
915606,Myer Geake,Auxerre,France,32,(650) 2662158,134.0,479.87,14/09/2016
994297,Betteann Sooper,Chornorudka,Ukraine,52,(946) 2028740,54.1,1864.63,26/03/2006
814893,Axe Skitral,Kizel,Russia,46,(793) 5352317,65.1,938.81,24/02/2011
358939,Addy Espinazo,Schaan,Liechtenstein,23,(917) 6065860,117.1,1080.55,31/01/2005
802614,Kim Beeching,Tatarsk,Russia,26,(760) 5945244,75.3,819.55,26/06/2015
555728,Ramsay Carabet,Zbrosławice,Poland,44,(150) 4545664,55.5,196.06,14/05/2010
097668,Raquela Cartmail,Oslo,Norway,23,(135) 1145021,114.6,789.81,30/11/2009
201146,Orelee O'Fallon,Calvário,Portugal,36,(436) 4716470,129.2,547.37,25/07/2011
868075,Denys Bourdel,Qaraçuxur,Azerbaijan,59,(244) 8442074,65.8,739.4,15/06/2009
151022,Sophronia Esselen,Tuupovaara,Finland,60,(776) 2894931,133.4,321.32,08/08/2007
287643,Tod Ziehms,Göteborg,Sweden,46,(478) 5386444,51.6,1850.36,17/10/2010
888156,Dianne Rosita,Novokubansk,Russia,34,(334) 8859046,120.6,890.88,11/10/2001
550854,Dell de Merida,Jakobstad,Finland,61,(349) 9523064,74.1,556.22,14/08/2012
295911,Sigmund O' Clovan,Bashtanka,Ukraine,48,(197) 7920237,111.9,1246.46,15/05/2019
133393,Orion Nicolson,Aygeshat,Armenia,64,(624) 2643634,88.6,1315.91,25/06/2000
566542,Fleur Callar,Kosaya Gora,Russia,57,(431) 3684202,76.0,128.09,21/11/2007
929607,Byron Upfold,Masku,Finland,20,(387) 5605322,149.6,1573.24,17/04/2016
296544,Millicent Heinsen,Longos,Portugal,18,(239) 4127559,136.3,523.23,10/11/2007
950236,Cyndia Penlington,Białobrzegi,Poland,65,(258) 2890007,128.6,1015.07,12/02/2014
168021,Mandie Bartak,Targowisko,Poland,24,(891) 3362640,71.6,885.32,16/03/2011
081037,Sophronia Victor,Agdzhabedy,Azerbaijan,57,(264) 5399918,70.9,143.37,25/05/2003
524466,Zonda Brader,Mertert,Luxembourg,28,(681) 6125544,115.1,719.2,26/02/2007
128225,Sansone Ellen,Mo I Rana,Norway,20,(285) 9548672,50.0,1554.72,08/04/2008
351262,Albrecht Guiduzzi,Loukísia,Greece,19,(884) 6243128,85.7,1450.33,23/11/2017
980529,Star Saltsberg,Nelahozeves,Czech Republic,21,(211) 2615994,120.6,791.73,24/05/2004
674800,Lemmie Iacomettii,Tandel,Luxembourg,22,(597) 7763338,91.4,1545.73,16/09/2002
487583,Marika Dommersen,Schiedam postbusnummers,Netherlands,26,(698) 1157599,78.8,1411.23,06/04/2012
261151,Nisse Lowmass,Petrich,Bulgaria,45,(318) 6610167,129.1,1043.95,08/06/2007
860427,Isaak Bickerton,Porvoo,Finland,18,(110) 4966103,83.2,1273.86,08/12/2017
090546,Barbette Diboll,Rajhrad,Czech Republic,50,(563) 4381701,138.7,619.36,08/05/2015
758934,Lauryn Bog,Vidnoye,Russia,26,(868) 7124102,130.9,1288.29,28/04/2008
691690,Lorrayne Refford,Canelas,Portugal,33,(863) 3117249,129.4,586.86,12/10/2013
643881,Andromache Robbeke,Muslyumovo,Russia,36,(700) 2984174,101.6,1227.4,13/05/2001
066036,Kim Sedman,Saky,Ukraine,22,(174) 5933646,145.3,374.19,29/03/2004
300019,Corine Ludman,Johanneshov,Sweden,49,(214) 4294203,108.5,615.84,25/10/2017
463899,Hestia Forstall,Kokhanava,Belarus,54,(716) 2412488,100.8,1370.59,29/10/2006
921332,Aubert Braidwood,Oslo,Norway,34,(706) 3538553,50.2,1878.25,01/06/2010
287872,Basilio Henri,Aban,Russia,52,(297) 4214435,140.5,648.24,16/08/2011
564486,Bradan Steinham,Uzhhorod,Ukraine,63,(339) 9202275,75.9,1953.28,27/06/2014
127504,Sapphire Curman,Ресен,Macedonia,48,(277) 6965430,69.0,598.27,29/01/2011
515815,Vite Slate,Dardhas,Albania,62,(303) 7198900,147.2,1114.75,11/07/2005
376332,Saleem Folder,Lubomierz,Poland,28,(658) 4536671,60.1,1808.09,15/08/2015
636967,Tami Shilstone,Fundão,Portugal,21,(574) 4158283,107.4,449.9,27/12/2015
255329,Marcel Legge,Galyugayevskaya,Russia,48,(480) 8096966,145.9,526.48,17/04/2005
498330,Pip Sebrook,Nieuwegein,Netherlands,24,(666) 4699371,84.4,1553.13,01/11/2008
748145,Marlowe Geri,Ungheni,Moldova,47,(183) 3711023,79.7,1983.08,23/08/2013
854402,Natividad Truggian,Kalynivka,Ukraine,19,(589) 9298260,104.9,1263.69,03/02/2005
495277,Roobbie Alloisi,Neuss,Germany,56,(165) 4638730,142.4,1999.62,28/02/2012
653463,Mahmud Donat,Boavista,Portugal,50,(894) 8673104,76.6,142.03,08/04/2005
206188,Stevena Kear,Rakičan,Slovenia,32,(228) 1265163,72.7,1986.81,03/03/2011
946278,Barbara Langfitt,Lucé,France,64,(265) 1204663,120.7,597.86,02/10/2001
900396,Abby Reynolds,Ljig,Serbia,48,(401) 6192558,116.5,862.08,02/06/2000
180773,Vanya Blew,Zabukovica,Slovenia,24,(455) 3555580,67.9,1741.5,28/10/2015
753961,Honey Durtnel,Kallinge,Sweden,48,(994) 8882807,107.0,1716.91,17/05/2011
789715,Nola Evert,Zyukayka,Russia,37,(796) 6555865,75.3,868.65,29/06/2013
612951,Caye Holbury,Stąporków,Poland,39,(210) 2009224,65.0,890.41,19/11/2013
245277,Sergent Manlow,Rassvet,Russia,59,(869) 9086017,67.6,1952.18,03/01/2010
089650,Weston Nudds,Zambujal,Portugal,47,(638) 1760575,85.8,1087.49,27/11/2003
683385,Tricia Fevers,Sant Julià de Lòria,Andorra,59,(643) 7144588,89.7,257.24,13/12/2011
397666,Nolly Ingree,Kaz,Russia,25,(896) 8115085,63.8,438.27,01/02/2006
379273,Bart Dightham,Virojoki,Finland,22,(755) 6157531,55.5,484.3,23/08/2002
178761,Rafa Harsnep,Kopashnovo,Ukraine,29,(469) 3397988,74.8,608.19,09/05/2008
487246,Doll Lanaway,Várzea,Portugal,62,(508) 4321050,136.1,367.37,09/07/2003
023615,Helaine Bram,Kralupy nad Vltavou,Czech Republic,56,(683) 2938523,94.8,752.79,24/12/2011
627773,Janis Roles,Karpokhórion,Greece,29,(141) 7269855,95.6,1316.54,24/09/2013
270953,Joice Targett,Onsala,Sweden,44,(785) 1325952,75.6,1549.97,30/01/2002
413328,Mendy Gabitis,Purda,Poland,36,(735) 6815447,72.9,1324.95,10/05/2002
573016,Demott Nansom,Jeziorzany,Poland,20,(950) 1236332,117.0,974.61,31/01/2012
545288,Pall Bodimeade,Otok,Croatia,55,(508) 8904764,64.3,1621.72,10/07/2003
365400,Carney Denziloe,Tomislavgrad,Bosnia and Herzegovina,63,(231) 6900523,124.7,1908.42,31/10/2006
852504,Desmond Pieterick,Ventspils,Latvia,43,(743) 6142588,105.8,1613.42,19/08/2007
065502,Ambrosius Charity,Strängnäs,Sweden,43,(144) 5502699,114.6,1416.68,28/06/2007
217454,Fields Currier,Hînceşti,Moldova,63,(343) 7836036,146.7,1935.59,07/02/2011
416314,Madelena Tenaunt,Verdizela,Portugal,34,(351) 8311896,134.3,1155.56,14/11/2014
989341,Gloria Wolverson,Amieirinha,Portugal,21,(143) 8330151,147.0,1862.64,15/06/2005
568313,Woodman MacPike,Salerno,Italy,52,(602) 2935629,53.2,1136.73,31/03/2004
471501,Rollin Meenan,Bol’shoye Selo,Russia,53,(480) 5537462,54.2,1006.79,12/10/2006
821958,Amie Trask,Lechinkay,Russia,27,(692) 2127341,51.8,810.09,27/10/2002
268923,Fianna Gellibrand,Guarda Nova,Portugal,29,(869) 9341293,85.3,823.04,06/01/2007
208927,Loren Graundisson,Olhão,Portugal,54,(719) 1158739,119.4,644.67,30/10/2006
548988,Benji Heasman,Cavan,Ireland,39,(855) 3204942,94.8,574.46,30/01/2001
538906,Vilma Tytherton,Biwer,Luxembourg,44,(772) 4117267,77.4,1812.0,19/05/2003
865806,Burnard Heeley,Stockholm,Sweden,60,(676) 3713060,95.2,1072.97,13/08/2003
683533,Denys Murname,Walichnowy,Poland,23,(600) 7705513,136.0,880.62,15/12/2000
974465,Hilario Nendick,Komsomol’sk,Russia,23,(415) 3077976,94.1,1075.92,24/09/2014
702485,Amalita Jodrelle,Skoútari,Greece,49,(721) 5989772,58.5,1225.43,04/01/2008
680740,Sherilyn Baraclough,Nový Bydžov,Czech Republic,20,(876) 6730799,86.0,1341.24,01/06/2012
525184,Marianne Devine,Palcza,Poland,45,(417) 1226778,128.4,1836.39,10/01/2010
117062,Aldrich Brecken,Varna,Serbia,56,(316) 1787189,138.4,1027.15,06/08/2014
721815,Averell Heber,Szydłowo,Poland,41,(763) 9323210,123.9,442.88,23/05/2002
424445,Maurits Shelvey,Olhão,Portugal,44,(655) 5683621,71.3,1460.5,08/09/2016
845342,Ludwig Grinaway,Volokolamsk,Russia,18,(298) 5119793,147.8,1487.16,16/01/2007
221816,Ike Whitehair,Guimarães,Portugal,33,(755) 9395734,109.8,1532.39,02/05/2008
671026,Shurlock Mithan,Pirava,Macedonia,45,(134) 8167714,136.3,463.68,19/11/2006
439729,Kile Gredden,Porosozero,Russia,31,(231) 1713074,54.2,570.47,22/11/2000
412154,Simone Ianinotti,Aravissós,Greece,49,(286) 9487700,86.8,1659.7,25/09/2012
464723,Rodge Hearon,Sim,Russia,37,(181) 4880956,53.5,817.74,20/08/2011
896684,Ike Behrendsen,Vale Boeiro,Portugal,53,(619) 7030088,135.1,1118.78,03/10/2018
413271,Berny Klessmann,Áyios Yeóryios,Greece,47,(516) 7157901,138.6,400.01,14/07/2001
964760,Vitia Chancelier,Paris 14,France,52,(618) 5015228,82.9,1576.12,09/02/2019
654024,Hoyt Melior,Pyhäsalmi,Finland,61,(514) 2111938,135.0,567.17,14/07/2004
535960,Kirstyn Whatman,Vilémov,Czech Republic,36,(103) 7352066,142.9,391.45,05/07/2009
883125,Gui Rangell,Donim,Portugal,24,(559) 6744629,99.6,654.22,01/12/2011
113669,Pru Callow,Stord,Norway,30,(833) 6777552,65.4,206.01,21/08/2014
670618,Dale Guinane,Boršice,Czech Republic,58,(356) 1658943,62.1,980.47,26/08/2012
109363,Tremaine Forkan,Bollène,France,41,(566) 8880616,129.2,300.16,03/09/2000
171634,Beulah Yorston,Ierápetra,Greece,40,(742) 2813273,65.9,1365.78,12/07/2002
386448,Nye Elman,Pamplona/Iruña,Spain,61,(789) 3706064,130.0,654.59,18/01/2005
842223,Brittney Axtens,Lestijärvi,Finland,22,(765) 5913572,52.0,508.38,10/03/2008
598155,Issy Malthus,Krasnyy Klyuch,Russia,41,(427) 1523808,75.6,1338.93,04/11/2011
644190,Lonee Cuxson,Líně,Czech Republic,39,(221) 7670156,103.8,1465.87,28/09/2003
904943,Rey Wiffield,Platičevo,Serbia,23,(243) 3213762,147.8,1326.01,25/12/2018
408125,Michaela Jager,Västra Frölunda,Sweden,40,(955) 4522198,141.0,1641.1,21/12/2003
937337,Cristian Narup,Rtishchevo,Russia,20,(718) 1851446,82.0,1743.6,09/01/2019
922078,Anthe Haddrell,Sorokino,Russia,42,(972) 8571251,85.0,639.96,18/06/2015
256990,Wrennie Iwaszkiewicz,Romanovskaya,Russia,28,(885) 8143183,71.6,1175.52,05/08/2014
781673,Justina McNiven,Orvalho,Portugal,47,(401) 3961353,111.0,1137.0,17/03/2007
195158,Sheba De Hoogh,Budzów,Poland,53,(183) 6557403,130.6,1240.99,28/10/2011
312005,Fitz Chadderton,Ushi,Armenia,38,(600) 4827440,148.6,901.49,08/05/2013
349940,Janis MacGilrewy,Nijmegen,Netherlands,54,(965) 4289024,85.7,571.27,23/02/2019
110451,Korey Flag,Romorantin-Lanthenay,France,50,(836) 3893450,111.5,1207.43,21/04/2003
258674,Raina Hallows,Tyresö,Sweden,20,(866) 1367319,79.7,556.76,25/01/2004
348127,Samara Franceschelli,Borås,Sweden,48,(822) 2392376,117.3,1983.34,24/07/2001
420753,Lucias Beeston,Lons-le-Saunier,France,57,(615) 8989662,122.9,810.02,14/01/2003
308911,Cornelia Pickervance,Linköping,Sweden,24,(273) 1869248,144.9,327.77,09/08/2003
715036,Ceciley Blenkensop,Sélestat,France,35,(513) 5309419,105.7,363.83,23/12/2011
475235,Casper Yakutin,Hövsan,Azerbaijan,37,(341) 7309287,79.2,1500.52,20/08/2018
866458,Darice Kinkaid,Ryglice,Poland,34,(824) 8212006,150.0,1800.6,11/09/2002
665554,Ivan Hendrich,Čair,Macedonia,53,(486) 3094325,106.1,889.44,12/05/2017
819761,Rafaelia Gyorffy,Fier,Albania,41,(679) 5229128,128.0,660.95,17/01/2017
556567,Raymond Swadlen,Priboj,Serbia,45,(551) 2376506,132.0,787.81,24/05/2000
610053,Felicia Robez,Zhireken,Russia,18,(779) 8555183,142.7,577.33,17/10/2002
628956,Farra Salack,Apeldoorn,Netherlands,36,(716) 9169120,101.3,1486.05,17/09/2010
972793,Christabel Smithies,Semenivka,Ukraine,48,(493) 9874497,68.3,1698.96,19/07/2008
636111,Bess Benam,Koronowo,Poland,43,(544) 1070670,131.3,306.93,06/11/2013
679870,Sawyere Johnstone,Wilwerwiltz,Luxembourg,44,(788) 4226737,65.6,724.69,16/05/2018
776849,Erhard Boeck,Oslo,Norway,21,(975) 6206148,66.6,760.54,25/11/2006
167218,Peta Sherbrooke,Kolsh,Albania,36,(219) 4852183,129.4,312.49,26/04/2009
602263,Clement Eva,Stockholm,Sweden,33,(792) 4111662,86.0,1698.15,17/08/2006
531111,Megan Hollidge,Biruinţa,Moldova,29,(113) 9866321,85.0,384.3,11/08/2013
900904,Karmen Chattell,Sult,Albania,59,(635) 7887117,138.2,829.9,17/06/2010
858815,Denise Waith,Dijon,France,36,(286) 7924418,77.5,396.63,01/09/2012
493607,Darby Neale,Gorskaya,Russia,64,(775) 6003262,63.2,1561.1,05/02/2017
714619,Phelia Duckers,Trilj,Croatia,38,(274) 6249908,122.7,1012.11,22/12/2010
530019,Cammi Keld,Perniö,Finland,57,(679) 5584642,89.9,1542.17,27/05/2002
149215,Jude Elphinston,Nidek,Poland,25,(560) 9511503,50.9,1917.74,01/05/2006
241821,Saudra Burthom,Seixo,Portugal,43,(470) 4678457,75.6,1209.23,19/05/2018
088445,Genvieve Simunek,Grästorp,Sweden,58,(282) 6567793,95.4,790.57,15/12/2018
003502,Warner Summons,Paris 13,France,23,(932) 2931181,122.5,501.19,17/12/2000
029544,Jennette Rebbeck,Moravský Písek,Czech Republic,32,(934) 1373496,73.8,995.57,10/08/2004
306711,Lila Tremblet,Novobeysugskaya,Russia,21,(535) 9345028,121.0,1005.11,07/12/2016
065520,Windy Bagguley,Amiens,France,45,(771) 6482074,96.3,623.36,28/06/2004
923123,Turner Buxsey,Montauban,France,19,(105) 5130759,110.5,1453.76,09/09/2014
056116,Finn Doubrava,Vale de Figueira,Portugal,63,(703) 5414006,84.4,1347.33,14/02/2016
671105,Meg Jewis,Debesy,Russia,44,(586) 9635649,109.6,618.05,19/05/2013
451928,Farr Truluck,Chão,Portugal,43,(350) 5777288,99.4,719.61,18/02/2006
145945,Roderigo Incogna,Ilioúpoli,Greece,51,(795) 8038335,73.7,1699.9,12/02/2010
456099,Spenser Truckell,Pawłowiczki,Poland,41,(229) 3416930,85.5,1854.75,30/06/2010
900341,Sutton Bussetti,Derjan,Albania,56,(208) 6671852,147.3,332.29,19/04/2014
002577,Marsh Trime,Zbytków,Poland,45,(397) 5685710,106.9,1953.06,07/10/2018
665503,Ronny Shekle,Bol’shoye Skuratovo,Russia,55,(433) 7649914,90.6,1572.78,19/05/2005
699994,Dalt Fernanando,Majur,Serbia,50,(654) 8876653,67.2,304.48,11/07/2013
507876,Darwin Ciobutaru,Patos Fshat,Albania,48,(661) 7744890,124.1,481.9,11/02/2002
809590,Derk Honack,Lugovskoy,Russia,62,(433) 3822768,52.6,123.82,01/08/2003
185785,Byron Gilli,Sunne,Sweden,41,(904) 3400589,149.9,188.38,13/11/2004
186465,Deina Di Francecshi,Siemiatycze,Poland,21,(452) 2454694,82.6,1948.72,12/06/2003
559199,Cristabel Oxberry,Klobuky,Czech Republic,38,(541) 4607036,82.0,129.79,02/04/2014
811996,Rafaellle Blethin,Hołoby,Ukraine,59,(910) 6902725,81.4,1819.25,07/10/2015
906023,Veronika Louche,Vorob’yovo,Russia,60,(958) 6894127,51.2,1796.47,26/10/2013
026089,Irma Madre,Pagaruša,Kosovo,35,(641) 8546399,123.3,1467.43,19/09/2006
986208,Emlynne Barrett,Lons-le-Saunier,France,64,(832) 2211587,113.7,1072.47,20/03/2018
357018,Nap O'Hanley,Castres,France,20,(833) 9718269,147.0,314.52,03/12/2006
693382,Mavra Blennerhassett,Dzhankoy,Ukraine,39,(658) 4405524,79.3,278.43,13/03/2012
698488,Barbara-anne Feldman,Lons-le-Saunier,France,20,(218) 5161663,83.2,214.59,01/06/2017
173323,Rosabel Somerville,Cieplice Śląskie Zdrój,Poland,38,(499) 3930698,91.1,1213.29,25/01/2013
239024,Gabriele Latour,Münster,Germany,42,(558) 3430073,74.2,881.79,15/11/2006
459502,Gaultiero Blucher,Maromitsa,Russia,41,(951) 2563884,87.0,425.16,01/02/2018
494062,Joellen Alvarado,Lille,France,42,(991) 7074173,52.9,808.34,19/03/2003
747910,Nicolette Whitley,Leonidovo,Russia,22,(165) 2845356,91.4,1490.27,24/12/2003
687313,Shayne Giabucci,Pravda,Russia,51,(414) 7364503,107.4,1748.55,22/06/2007
048645,Gwyn Waddilove,Shakhty,Russia,31,(986) 4951065,108.3,1459.26,27/01/2015
700392,Bent Masselin,Doruchów,Poland,35,(792) 6763313,73.9,1673.84,24/09/2005
373499,Joelle Vanyukov,Linton,United Kingdom,62,(447) 9734821,97.6,478.95,27/11/2014
756715,Selig Morch,Vardablur,Armenia,28,(741) 6019207,141.2,158.59,20/01/2006
819532,Edithe Faich,Bogatynia,Poland,61,(290) 4171579,84.0,234.47,03/10/2015
367465,Bill Magrane,Sá,Portugal,59,(751) 8403959,108.6,774.56,29/12/2014
776996,Noel Stable,Mýto,Czech Republic,31,(175) 4235248,85.4,371.83,25/01/2011
192708,Lauralee Courtese,Zgurovka,Ukraine,47,(451) 4574090,138.0,1533.04,21/09/2015
467804,Pepe Dafter,Terny,Ukraine,18,(376) 3834681,57.3,1492.08,28/07/2007
297748,Ive Batecok,Kassándreia,Greece,61,(666) 8384775,97.7,1380.67,08/01/2013
961269,Timoteo Butner,Желино,Macedonia,65,(105) 6151761,81.4,1512.17,11/05/2003
825595,Mohandis Curzon,Kristiansand S,Norway,29,(482) 3892622,95.2,1331.69,15/09/2017
423586,Buddy Lonie,Yevlakh,Azerbaijan,40,(404) 8140271,121.5,1605.68,12/07/2012
296594,Hunt Himsworth,Motala,Sweden,57,(703) 3653768,101.5,264.27,13/01/2005
406688,Isabella Cambling,Arlöv,Sweden,24,(620) 6595981,148.3,967.43,26/11/2000
950772,Kasey Buxsy,Avon,France,22,(419) 5312456,126.4,971.19,16/09/2007
945752,Elsy Capponeer,Poligny,France,34,(497) 4395282,130.6,1955.81,15/06/2002
260428,Chancey Goldine,Skaramangás,Greece,27,(494) 6706218,67.4,330.41,15/12/2016
870744,Valentijn Lougheed,Marseille,France,38,(135) 2138694,57.2,1892.4,10/05/2015
228551,Karie Chittleburgh,Kokkini Trimithia,Cyprus,38,(172) 5213238,120.5,1330.4,10/05/2012
887320,Amerigo Cleynman,Komendantsky aerodrom,Russia,20,(807) 1025044,114.9,773.31,18/09/2016
570162,Daron Speir,Dubá,Czech Republic,49,(347) 1872377,74.5,1911.16,20/10/2013
527042,Maddy Waterfall,Reims,France,47,(783) 1120333,132.1,847.06,12/07/2014
100715,Bailey Sawter,Łukowa,Poland,21,(665) 9815122,139.6,791.33,08/02/2014
811715,Fabe Ivannikov,Leśna Podlaska,Poland,42,(671) 8855623,149.6,889.93,01/11/2002
680570,Nata Trippitt,Radocza,Poland,64,(175) 1804178,99.5,1165.97,21/04/2019
696340,Robbyn Brandes,Klyuchi,Russia,62,(217) 1271020,96.4,592.28,02/05/2003
685788,Titos Curnow,Vilar do Monte,Portugal,35,(787) 7354619,58.4,445.98,28/09/2002
942594,Far St. John,Kozhva,Russia,26,(114) 4145924,87.5,1708.99,05/08/2008
025446,Idalia Hasell,Pedroso,Portugal,26,(475) 7222673,130.8,1617.2,04/11/2002
822363,Danni Hodgen,Baião,Portugal,60,(893) 4820117,99.9,909.65,08/07/2015
238069,Norma Summerson,Goussainville,France,55,(801) 3962348,141.3,756.9,15/07/2015
392503,Kriste Highman,Mikstat,Poland,41,(124) 9246892,96.0,1993.07,14/02/2001
849333,Lauretta Yashaev,Książki,Poland,55,(982) 9386667,60.9,1712.52,11/01/2008
830159,Galvan Cridland,Polyarnyy,Russia,38,(653) 7693471,67.2,318.03,22/12/2000
961891,Flossi Deeves,Bapska,Croatia,53,(881) 9461819,94.6,197.83,16/05/2004
416346,Darla Elia,Herálec,Czech Republic,62,(980) 8294650,50.7,1505.95,05/11/2008
405173,Kristoffer Ionnidis,Omsukchan,Russia,43,(635) 8430974,66.6,1597.73,21/08/2012
242442,Darin Adamovicz,Hronov,Czech Republic,29,(373) 2379561,69.2,1218.48,09/11/2009
457412,Rana Cookson,Horodnya,Ukraine,62,(674) 5105148,92.3,1138.71,04/07/2001
479521,Vicky Flaubert,Lucija,Slovenia,30,(771) 7585164,65.9,226.0,22/06/2002
314609,Laverna Drysdale,Losevo,Russia,21,(720) 7555249,79.2,506.26,13/10/2015
042142,Stacee Simonnet,Trollhättan,Sweden,58,(125) 8740225,72.2,978.76,09/04/2019
825967,Osgood Lohden,Veyno,Belarus,64,(396) 1247091,110.5,1891.3,29/09/2015
218414,Andromache Beaven,Sol’-Iletsk,Russia,23,(386) 7434172,108.1,1124.21,31/05/2012
026428,Ania Flecknoe,Nyzhnya Krynka,Ukraine,38,(311) 3158673,128.4,1744.85,08/08/2005
202500,Bondon Herreros,Golina,Poland,34,(646) 8211476,126.8,1709.56,05/03/2017
957166,Vanni Gonzalo,Pszczyna,Poland,26,(764) 2544972,108.3,1178.9,16/01/2005
538884,Mariska Cavilla,Okhansk,Russia,22,(479) 5592633,143.2,956.03,21/05/2007
781941,Eleen Benfield,Znamenskoye,Russia,45,(340) 8747872,50.8,1639.67,16/09/2011
186795,Gusty Maystone,Witzenhausen,Germany,18,(750) 9776905,149.7,710.14,03/06/2000
135298,Addia Seabright,Wielbark,Poland,49,(855) 1072330,76.5,1796.46,16/01/2001
782235,Allegra Venes,Severskaya,Russia,64,(916) 2695713,99.4,534.06,07/01/2009
941920,Rosabelle Gatty,Hörby,Sweden,56,(511) 6424163,138.9,1283.41,05/02/2003
075497,Oran Olanda,Svetogorsk,Russia,34,(432) 5874230,70.0,1300.27,19/04/2007
610745,Greggory Fantonetti,Poitiers,France,25,(140) 4668039,67.1,1561.96,11/03/2003
980023,Shelly Stigers,Normanton,United Kingdom,19,(970) 7630944,88.1,1903.71,23/08/2007
967386,Callean July,Uspenskoye,Russia,65,(639) 7304936,64.7,1106.88,30/06/2005
503314,Angele Lermit,Damnica,Poland,39,(323) 1413951,109.0,828.23,01/08/2008
051588,Grazia Dorrington,Glushkovo,Russia,47,(896) 8083303,110.2,1584.89,26/08/2003
046603,Tyson Bruntjen,Gręboszów,Poland,58,(410) 1685575,100.5,1850.05,11/08/2017
795213,Rebekah Metcalfe,Luts’k,Ukraine,49,(999) 7487401,58.3,102.14,29/03/2012
742392,Petronia Tatum,Jonava,Lithuania,34,(175) 9669669,136.8,1310.47,14/12/2004
607544,Mallorie Jeacocke,Miłakowo,Poland,55,(762) 1126990,74.8,1870.09,25/07/2011
254149,Caty Syvret,Smolenka,Russia,47,(684) 7944309,78.9,456.74,16/02/2011
353346,Patrick Gillebride,Káto Dhiminió,Greece,47,(327) 2874034,125.5,1137.01,05/09/2008
343079,Nehemiah Ummfrey,Gondifelos,Portugal,55,(806) 8080900,84.2,438.59,31/08/2015
897729,Noby Santry,Carregado,Portugal,30,(891) 7256653,57.4,1040.03,07/11/2006
274875,Lita Maghull,Nizhniy Novgorod,Russia,64,(569) 9186846,120.4,575.0,17/11/2011
327831,Vick Crampton,Karlobag,Croatia,62,(336) 1135117,115.2,1032.45,15/08/2012
585014,Leroi Atkin,Nizhnyaya Maktama,Russia,25,(182) 7674914,118.2,201.78,24/02/2007
400122,Orly Lambertz,Trondheim,Norway,24,(656) 2213876,119.7,456.75,16/05/2014
211098,Pris McDoual,Båstad,Sweden,63,(247) 8879317,120.8,1222.48,03/01/2017
599452,Ericka Mitcheson,Frederiksberg,Denmark,29,(693) 1631510,87.7,1815.08,13/04/2019
098690,Vic Burnsides,Kiili,Estonia,51,(856) 9719764,109.8,1957.53,18/09/2006
703708,Katie Kempster,Svirsk,Russia,26,(924) 1276722,138.2,689.63,11/03/2006
964760,Chrystal Winwood,Toulon,France,52,(330) 9454026,72.7,766.64,20/01/2008
774009,Roman Ayerst,Solna,Sweden,24,(880) 4393514,109.4,131.66,02/07/2013
658004,Carlee Reide,Pavliš,Serbia,19,(674) 7715486,86.7,399.02,09/09/2005
990065,Lishe Whatford,Studenec,Czech Republic,41,(649) 1133334,149.3,1079.9,09/03/2016
396131,Devlin Giabuzzi,Skála,Greece,41,(746) 3282210,79.1,1063.0,11/03/2008
242781,Emalia Singers,Örnsköldsvik,Sweden,44,(770) 9532519,103.7,390.68,24/07/2005
668910,Jody Picken,Novouzensk,Russia,40,(514) 6073081,67.4,1922.91,18/01/2016
801198,Barbabas Ashbrook,Šibenik,Croatia,19,(519) 3678581,70.7,997.87,28/07/2000
722512,Felicio Bullivent,Zhavoronki,Russia,26,(647) 4807445,86.1,1800.21,24/09/2000
008385,Fernandina Cano,Wodzisław Śląski,Poland,43,(680) 7728048,101.4,952.8,01/04/2004
457688,Derk McVitty,Hukvaldy,Czech Republic,19,(896) 6270113,141.4,1358.2,10/09/2007
665763,Juliann Apdell,Limoges,France,41,(907) 5507420,119.2,1966.19,31/12/2015
915644,Killie Hardistry,Halden,Norway,58,(872) 8285729,66.4,994.4,27/02/2008
263311,Drusy Tolchard,Angoulême,France,32,(857) 6078274,74.7,451.81,19/06/2009
286592,Amanda Climo,Gislaved,Sweden,36,(994) 2715464,107.6,1344.67,19/12/2005
252701,Irwinn Crowcher,Laval,France,48,(755) 1670894,88.6,714.58,27/06/2008
395207,Justen Edgar,Piotrków Trybunalski,Poland,48,(218) 8161995,83.3,1163.34,03/08/2008
403079,Ab Wallbank,Blahodatne,Ukraine,63,(130) 6085884,69.4,275.5,23/12/2002
350988,Harland Kiwitz,Danderyd,Sweden,55,(386) 6030991,90.0,981.98,19/08/2007
982540,Karl Brayshay,Casal do Sapo,Portugal,19,(437) 3181608,106.9,513.27,13/07/2015
436651,Antoni O'Glassane,Sé,Portugal,18,(394) 9999983,80.5,1642.22,09/11/2007
278267,Jeffrey Grayham,Visim,Russia,46,(226) 7180405,89.0,946.5,25/02/2002
969782,Hewie Schapiro,Colombes,France,63,(515) 9385038,64.6,1491.63,25/10/2010
012534,Margarete Stuke,Včelná,Czech Republic,42,(223) 3287797,105.9,928.31,06/08/2003
170717,Harbert Hattiff,Mato Cheirinhos,Portugal,61,(655) 7013094,56.5,1744.51,14/02/2008
388754,Georgianna Applegate,Goraj,Poland,32,(373) 9523631,98.4,1915.73,28/05/2004
195185,Geoffry Leuty,Pustomyty,Ukraine,50,(571) 3806297,97.6,684.28,03/11/2018
893149,Tybalt Drynan,Fundão,Portugal,47,(271) 5074640,52.6,1929.55,22/04/2013
925409,Babita Mottershead,Szczecin,Poland,21,(923) 2893499,107.7,310.11,22/01/2011
396867,Liane Eldershaw,Rybnaya Sloboda,Russia,55,(326) 8043203,97.4,1656.81,20/10/2015
109111,Finn Francecione,Slatyne,Ukraine,35,(709) 6330927,90.6,1160.0,25/09/2017
336903,Joelynn Postin,Knjazevac,Serbia,54,(169) 9293663,86.0,787.25,29/04/2012
276645,Rowney Fattorini,Aksarka,Russia,25,(627) 5842082,100.0,1069.76,28/02/2017
203408,Waiter Raphael,Messina,Italy,26,(153) 6171534,125.9,279.66,07/06/2013
521079,Morten D'eathe,Karabash,Russia,59,(661) 6034409,102.0,821.12,23/07/2018
597514,Amerigo Ubach,Mamurras,Albania,21,(615) 9074156,65.3,1263.97,25/09/2013
091735,Darby Piris,Gromnik,Poland,65,(947) 1714218,143.0,393.11,17/09/2018
666155,Dawna Chong,Vitanje,Slovenia,56,(800) 5452658,148.9,984.65,07/11/2002
505450,Yorker Gruszecki,Slyudyanka,Russia,28,(626) 4694134,95.6,1101.25,12/11/2018
473456,Donia Bispo,Asen,Bulgaria,64,(201) 6512254,53.9,1443.93,23/10/2008
830545,Selig Davidman,Staré Město,Czech Republic,20,(828) 8001799,60.9,1012.86,04/03/2012
852865,Noland Rathborne,Smečno,Czech Republic,48,(375) 5374965,144.9,1139.21,21/11/2004
261573,Ailis McNuff,Novosel’ye,Belarus,58,(310) 7760777,83.3,1629.47,01/08/2007
794588,Waldo Ricardet,Ceadîr-Lunga,Moldova,46,(701) 3002679,98.0,646.03,13/02/2013
138068,Koren Norvell,Kouvarás,Greece,41,(861) 8177015,147.8,603.3,10/09/2009
608951,Georgie Stent,Rennes,France,45,(708) 7709034,89.6,642.72,26/11/2012
614720,Jandy O'Hallihane,Volgograd,Russia,27,(514) 7508401,86.5,530.75,30/03/2009
735656,Dianne Dubber,Jeżów,Poland,40,(822) 4905314,86.7,308.44,18/04/2001
378403,Monika Mantle,Nevinnomyssk,Russia,23,(459) 4353351,125.5,1081.16,01/10/2006
125095,Meridel Keyho,Partesh,Kosovo,20,(936) 4878709,112.3,935.8,13/09/2012
354712,Sheeree Sainer,Frisange,Luxembourg,37,(635) 6577353,51.1,734.54,12/06/2009
012574,Mozes Gascone,Gŭlŭbovo,Bulgaria,27,(101) 3097374,133.4,210.26,17/09/2003
586765,Eugenius Beumant,Filothéi,Greece,19,(369) 2450796,141.8,1263.37,04/11/2011
820775,Pennie I'anson,Edineţ,Moldova,57,(680) 1777565,106.9,1307.2,20/11/2005
379982,Paolina Kuscha,Nieszawa,Poland,20,(980) 1298283,143.6,861.71,28/03/2018
625573,Lyda Danilevich,Trzebinia,Poland,23,(124) 5301607,53.7,379.44,10/05/2009
074812,Marja Opdenort,Prochowice,Poland,38,(988) 6913363,130.4,1061.24,28/10/2012
863735,Englebert Boaler,Tomaszów Mazowiecki,Poland,33,(132) 1809909,124.6,408.45,19/06/2000
237363,Angie Dewhurst,Podujeva,Kosovo,20,(499) 6311089,135.5,1783.1,15/08/2000
941298,Dell Hoffmann,Staroshcherbinovskaya,Russia,39,(610) 1814267,76.0,428.05,16/11/2003
994112,Dolores Klejna,Irkliyevskaya,Russia,42,(164) 2846697,72.0,1496.87,28/01/2016
091494,Belicia Regitz,Arcossó,Portugal,59,(248) 3237588,130.1,1813.5,04/11/2002
591947,Barny Emeney,Vodňany,Czech Republic,65,(246) 7427515,117.4,1541.84,13/03/2006
140070,Nikolos Dalligan,Marseille,France,22,(412) 2053608,86.5,1853.43,08/08/2016
786783,Regan Rapa,Ostojićevo,Serbia,61,(450) 1108300,80.4,1340.19,04/12/2015
506984,Sydney Chamberlen,Chumikan,Russia,38,(793) 1509596,129.5,447.71,20/06/2005
348714,Diena Critcher,Béthune,France,57,(699) 6795608,129.1,299.55,09/10/2017
013828,Henry Godart,Yelan’-Kolenovskiy,Russia,28,(513) 6033087,112.8,1275.02,05/02/2004
741102,Hugues Vale,Quinta da Queimada,Portugal,18,(873) 5428694,125.9,174.03,19/09/2003
913272,Maegan Laux,Siewierz,Poland,50,(876) 9344526,134.8,791.06,01/11/2000
002880,Virgil Magrane,Stockholm,Sweden,43,(121) 2986695,117.2,762.99,29/05/2004
030866,Harrie Mattys,Slantsy,Russia,36,(625) 1519900,117.7,962.75,16/07/2014
468707,Briggs Compston,Verkhnye Syn’ovydne,Ukraine,59,(644) 9784632,88.9,269.05,23/10/2018
028813,Ansel Holdworth,Vidago,Portugal,47,(321) 7814886,121.6,1677.96,10/12/2016
030423,Andrey Keoghane,Václavovice,Czech Republic,56,(752) 3121985,56.0,959.88,03/03/2001
121020,Marigold Do Rosario,Sedlarevo,Macedonia,24,(263) 6366196,129.4,122.05,26/03/2016
583808,Sanford Aizikovitz,Grzybowa Góra,Poland,35,(174) 3516012,125.2,222.5,25/12/2005
907917,Blondy Mizen,Lisboa,Portugal,60,(743) 8920353,121.8,914.88,13/05/2005
339877,Randi Weigh,Alvito de São Pedro,Portugal,35,(702) 6452257,122.5,1726.9,06/07/2010
343530,Dougy Urridge,Palhais,Portugal,55,(971) 7648807,84.5,1491.1,02/11/2018
532008,Morena Colthurst,Krasnoarmiys’k,Ukraine,47,(423) 4468774,99.5,409.31,15/01/2003
175898,Rodd Conway,Zvečan,Kosovo,62,(649) 9074088,106.7,1286.62,25/12/2006
906391,Enrichetta Benditt,Doubravice nad Svitavou,Czech Republic,47,(498) 2475003,113.1,199.21,03/03/2016
978909,Kienan Hestrop,Lage,Portugal,20,(557) 4878464,59.6,1277.33,17/06/2004
816671,Ibrahim Tolchar,Forbach,France,44,(160) 4777503,113.1,1746.93,07/08/2011
498431,Alessandra Furzer,Ilinden,Macedonia,36,(135) 4792148,77.6,1964.78,14/11/2010
051705,Cathleen Bracken,Oslo,Norway,65,(699) 1055901,56.0,984.18,10/06/2016
642723,Roxanna Brisson,Funchalinho,Portugal,65,(494) 1744825,120.4,1098.44,03/11/2016
891153,Hilario Spenley,Usol’ye,Russia,65,(816) 4935471,146.8,110.49,28/07/2009
920850,Charin Avraham,Vetluga,Russia,18,(858) 1394130,77.3,1846.86,15/10/2008
970933,Jarred Teacy,Shkodër,Albania,46,(883) 4775092,122.8,854.41,04/05/2010
740167,Orelie Dukesbury,Borås,Sweden,53,(839) 1311598,86.3,319.4,15/12/2018
854939,William McGerraghty,Néos Oropós,Greece,30,(888) 9321130,98.3,1024.7,05/07/2009
352663,Reggis Raspin,Prienai,Lithuania,48,(611) 5865823,67.7,1341.4,01/11/2007
289511,Mathilda Boustead,Privlaka,Croatia,26,(685) 9883895,76.8,204.09,20/03/2009
066092,Celka Hunnaball,Jönköping,Sweden,29,(891) 9118796,51.6,1496.2,13/07/2010
047318,Dorita Cubbon,Trosa,Sweden,32,(798) 5197317,61.1,884.65,04/09/2016
377759,Gardiner Diggons,Prigrevica,Serbia,49,(260) 4834712,107.9,809.65,15/05/2011
498342,Alasteir Camps,Borzęcin,Poland,42,(243) 3468018,56.3,758.41,24/07/2000
141231,Anatola Kuhne,Zaklików,Poland,35,(345) 7214413,74.5,778.68,26/12/2013
812002,Keriann Hutcheson,Brest,France,57,(558) 8873449,134.7,1107.97,01/03/2015
941559,Terri-jo Minker,Koufália,Greece,48,(758) 4954829,107.8,980.97,30/10/2002
354246,Nestor Tallent,Jaša Tomić,Serbia,19,(631) 9070939,61.2,1022.1,06/08/2004
768965,Chlo Hacaud,Foros do Trapo,Portugal,50,(567) 6343641,65.3,1944.14,25/04/2001
438369,Ashla Kirkness,Darłowo,Poland,39,(190) 3306292,78.3,753.33,17/05/2019
205313,Cathy Ickowics,Vänersborg,Sweden,22,(966) 7293916,85.7,1973.19,09/01/2004
256012,Courtnay Leftbridge,Ballyjamesduff,Ireland,25,(414) 9992222,59.8,1984.77,02/01/2013
215369,Winny McFarlan,Konstantynów,Poland,30,(600) 7775057,59.9,1910.15,05/09/2013
600673,Payton Kleehuhler,Ropa,Poland,43,(139) 4232432,63.5,187.27,07/05/2015
822481,Cindee Zannotelli,Złotniki Kujawskie,Poland,35,(497) 8829572,76.8,1231.68,15/01/2005
229668,Billi Dingwall,Ventsy,Russia,63,(813) 6970110,112.0,974.13,06/10/2004
602529,Nicolette Ovenell,Midleton,Ireland,21,(150) 7780658,148.1,475.88,01/04/2018
737493,Ivan Nelhams,Ribeiro,Portugal,33,(879) 3882838,60.4,1718.59,03/08/2000
709509,Pail Spencook,Haarlem,Netherlands,48,(651) 8776747,149.6,1682.04,23/09/2018
494153,Humphrey Nezey,Besançon,France,22,(329) 7668320,78.0,1547.28,29/01/2003
864196,Dukey Wille,Vila Chã do Monte,Portugal,61,(491) 2392719,128.5,872.9,30/01/2010
974033,Bogey Gaber,Pražmo,Czech Republic,59,(946) 2260480,71.8,913.52,23/11/2018
263649,Wayland Whitwam,Petrich,Bulgaria,56,(155) 2767301,89.5,1570.44,30/11/2007
541817,Chryste Witherbed,Dunleer,Ireland,44,(593) 7878277,109.7,1908.67,06/04/2013
262398,Gladi Rolse,Chutove,Ukraine,46,(710) 5926599,125.6,300.15,21/08/2009
172461,Ahmed Ogborne,Kagal’nitskaya,Russia,47,(187) 7181296,83.1,1477.91,23/10/2015
518964,Ivan Shuttle,Kopychyntsi,Ukraine,32,(439) 9201094,74.3,1930.75,11/07/2009
732642,Ichabod Bozier,Ariz,Portugal,53,(434) 2781182,108.0,1817.01,03/10/2018
879048,Reggie Macbane,Petrokamenskoye,Russia,46,(865) 9064520,144.7,841.16,06/03/2004
121514,Janeta Deverson,Dobřív,Czech Republic,39,(403) 6384048,69.2,1652.63,20/04/2009
995995,Carroll Peachment,Zharrëz,Albania,18,(963) 8786139,102.9,1804.8,11/12/2014
454792,Ricky Tabourel,Barwałd Średni,Poland,18,(540) 5062848,143.9,1563.68,09/03/2013
998218,Willy Burchett,Cergy-Pontoise,France,49,(199) 6553115,51.6,489.9,27/10/2001
690541,Miran Gozzard,Utajärvi,Finland,41,(468) 8054520,57.5,1673.26,12/08/2011
853907,Eunice Rubinowicz,Metz,France,45,(161) 4442210,145.5,1363.23,27/03/2019
268512,Basil Sanderson,Tallaght,Ireland,41,(394) 9831075,81.3,1612.89,19/04/2001
205388,Caprice Jachtym,Желино,Macedonia,19,(714) 1837131,66.0,1012.75,10/06/2010
026910,Julia Kears,Kępie Żaleszańskie,Poland,32,(707) 5817754,113.6,719.97,12/12/2017
942727,Kent Bunney,Ostaszewo,Poland,42,(219) 4230374,138.5,1447.36,06/01/2016
589126,Cyndie Sustin,Plyeshchanitsy,Belarus,55,(848) 9707121,102.3,1944.36,13/11/2006
061096,Marji Lehrahan,Smolenskoye,Russia,45,(713) 6975442,128.3,889.68,14/08/2012
694962,Lynde Zuanelli,São Domingos de Rana,Portugal,36,(552) 5702124,144.4,1441.65,17/03/2016
788625,Sunny Rozanski,Carrières-sur-Seine,France,21,(102) 8717890,122.9,1675.53,27/12/2000
775158,Bendix Beahan,Klimontów,Poland,51,(248) 9967354,72.9,376.76,16/06/2005
644590,Marna Martinec,Aleksinac,Serbia,61,(950) 5330519,119.7,998.51,26/01/2011
636359,Deidre Wells,Shagonar,Russia,27,(298) 1081357,122.7,838.77,01/09/2010
522146,Zacharia Figg,Casais,Portugal,53,(728) 6246819,111.5,253.65,24/12/2014
092462,Mabelle Hitchens,Caen,France,43,(347) 9626241,64.3,937.48,04/08/2005
232192,Kristan Cardoo,Starý Bohumín,Czech Republic,18,(953) 5292196,93.6,1185.99,08/10/2002
742989,Enriqueta Keese,Zebrzydowice,Poland,59,(525) 9331553,126.9,1791.24,23/08/2000
671912,Osbert Jozefiak,Log,Russia,25,(925) 1620735,100.9,504.93,30/07/2005
445658,Jessee Viles,Kåge,Sweden,21,(236) 8891856,124.4,1201.05,13/06/2010
633538,Lorine Churchman,Figueiras,Portugal,45,(733) 1364251,76.5,1419.16,17/06/2000
194125,Elysia Southerill,Uherce Mineralne,Poland,45,(604) 2337582,96.8,1421.93,12/07/2009
637275,Buddy Brixham,Stupino,Russia,58,(121) 3868236,110.6,784.41,31/12/2003
903414,Lettie Brearty,Sallins,Ireland,30,(633) 5566271,72.4,267.22,02/10/2006
521506,Willie Hinder,Zheleznovodsk,Russia,32,(553) 6969717,138.0,749.9,27/04/2004
768204,Ashley Bunyard,Guérande,France,65,(677) 5670814,133.4,1539.08,12/12/2017
277547,Merrili Thamelt,Jedlová,Czech Republic,22,(634) 7345243,95.7,1421.12,03/11/2012
053183,Bendix Dormon,Norrköping,Sweden,53,(945) 6892015,120.8,1392.7,22/07/2012
080210,Drucy Greensmith,Askainen,Finland,31,(968) 8417440,121.1,661.29,05/07/2001
616534,Ellyn Oldroyde,Ampeleíes,Greece,39,(821) 4858256,67.0,1557.98,02/01/2001
234372,Quinn Pindar,London,United Kingdom,26,(227) 8157112,93.5,879.25,05/03/2012
250875,Hyman Budgen,Mariestad,Sweden,43,(952) 4604734,92.1,1815.1,24/02/2001
116496,Leia Pudge,Elekmonar,Russia,62,(359) 4320169,59.4,386.24,25/05/2014
067454,Charmine Beddall,Malysheva,Russia,58,(452) 8120413,100.0,732.42,26/01/2011
953570,Cleon Ayree,Leitões,Portugal,22,(152) 7252249,65.9,1362.63,03/06/2000
102589,Gerrie Delagnes,Frösön,Sweden,18,(129) 6176908,116.3,221.88,19/05/2006
919917,Callie Rushford,Podivín,Czech Republic,58,(314) 7973385,126.4,438.06,08/11/2010
926521,Myron Bordman,Yumaguzino,Russia,53,(881) 2499047,129.6,1089.75,23/04/2010
654769,Amalita Tyre,Lacroix-Saint-Ouen,France,58,(756) 5027646,129.7,1336.77,04/11/2005
776685,Silva Sterling,Vatutino,Russia,62,(895) 2874989,98.7,1015.82,24/11/2009
103966,Taite Guage,Valkeakoski,Finland,63,(578) 3504863,109.7,1882.51,21/07/2015
380804,Flor Creasy,Västra Frölunda,Sweden,20,(712) 4715373,101.9,372.85,23/03/2005
820401,Elane Becconsall,Briteiros Santa Leocádia,Portugal,63,(519) 6273487,52.5,600.17,11/10/2014
761446,Benita Pease,Septfontaines,Luxembourg,55,(877) 4039941,102.9,913.31,19/07/2017
304929,Yale Bolland,Fonteleite,Portugal,58,(774) 2732883,84.9,347.13,03/03/2005
715552,Bertha Mackieson,Przesmyki,Poland,27,(375) 4152130,85.2,1791.01,08/08/2005
217246,Caye Hanwright,Leipzig,Germany,27,(143) 3569870,130.3,542.74,01/10/2012
401139,Laughton Harmeston,Stocksund,Sweden,22,(719) 4330405,96.7,1885.02,17/02/2009
173330,Ali Wyer,Grenoble,France,50,(610) 7371646,84.0,907.99,17/11/2004
309900,Nehemiah Sprott,Monastirákion,Greece,28,(383) 8872284,96.4,1797.88,29/04/2005
090283,Cami Zack,Jelsa,Croatia,33,(936) 7672731,144.1,1566.1,31/03/2018
624630,Ebony Ballin,Trbovlje,Slovenia,24,(409) 3267899,51.3,146.58,03/11/2007
672110,Granny Elldred,Puconci,Slovenia,26,(894) 3631709,104.7,1383.78,27/02/2006
550526,Ashleigh Sams,Kupchino,Russia,39,(922) 1072289,80.5,313.13,23/06/2010
726586,Bucky Merwede,Yessentukskaya,Russia,51,(236) 6573482,120.7,1061.63,30/04/2017
293376,Rosette Simecek,Klimontów,Poland,19,(798) 2422437,100.9,1282.7,19/10/2016
718589,Bil Limpkin,Częstochowa,Poland,37,(803) 4470512,52.2,1215.58,13/03/2008
817794,Larry Raft,Ajaccio,France,26,(480) 3720182,113.7,796.55,12/05/2011
203292,Guthrey Greeves,Sokol’skoye,Russia,23,(869) 1265622,141.1,316.93,10/04/2019
613839,Thorstein Collard,Arpajon,France,59,(788) 3979031,62.8,1980.93,17/06/2015
788021,Marigold Flavelle,Brejoeira,Portugal,22,(477) 4471723,73.9,576.71,23/02/2004
655178,Sela Rosoman,Konstantinovo,Belarus,53,(570) 2395767,133.4,1746.36,10/11/2007
653293,Leeann Chaloner,Amiens,France,51,(206) 8884887,136.7,912.32,17/05/2006
075868,Homer Dodell,Mölndal,Sweden,50,(485) 3658506,91.2,1706.44,26/08/2001
418128,Hulda Britner,Sever do Vouga,Portugal,57,(463) 9087202,115.8,962.75,04/05/2003
213267,Willetta Attenborrow,Lyubinskiy,Russia,39,(253) 2964824,76.7,1916.7,24/03/2010
224305,Diannne Pashe,Karlskoga,Sweden,40,(698) 3415005,112.6,778.57,31/03/2014
051517,Ira Lean,Zdolbuniv,Ukraine,56,(332) 3546552,52.2,1256.67,05/12/2013
974761,Fonzie Tawse,Michałów,Poland,52,(607) 4563094,75.5,1320.02,23/11/2000
528904,Frans Demchen,Miskindzha,Russia,30,(438) 1358275,149.3,763.15,01/01/2016
550062,Niels Allibone,Rumyantsevo,Russia,46,(117) 3979020,60.6,1577.49,10/05/2004
772127,Gabie Criple,Eskilstuna,Sweden,31,(623) 3906848,93.8,115.95,14/10/2002
014114,Boycey Wringe,Dvorichna,Ukraine,42,(629) 8927406,98.0,827.91,29/04/2002
662456,Boonie Davsley,Diavatós,Greece,24,(624) 1363327,142.3,1481.51,12/07/2014
204779,Kare Allwell,Haljala,Estonia,42,(585) 1869531,142.8,991.4,10/12/2018
601105,Dani Karys,Stare Miasto,Poland,34,(157) 4196826,80.6,854.54,25/12/2008
972059,Tiphani Ailsbury,Vila Chã do Monte,Portugal,28,(897) 7122500,58.4,1516.64,01/06/2004
446437,Avram Coyish,Yerevan,Armenia,46,(389) 4065033,92.7,1410.88,16/07/2004
014225,Donica Trouel,Cabouco,Portugal,21,(264) 5718940,86.9,1493.03,17/06/2013
573020,Marcelline Side,Moate,Ireland,30,(409) 8624777,76.7,1717.43,15/05/2002
984406,Nadeen Cundict,Santa Cruz De Tenerife,Spain,25,(131) 1910115,148.2,1612.07,05/06/2012
980488,Mackenzie Bromont,Komorní Lhotka,Czech Republic,46,(633) 3857841,88.9,1274.98,14/08/2006
018998,Duky Head,Komysh-Zorya,Ukraine,22,(284) 7778111,83.4,1106.92,13/02/2001
858014,Hanson Huncoot,Suresnes,France,35,(738) 4302788,83.6,990.19,05/02/2015
549556,Fallon Mulleary,Zavoronezhskoye,Russia,56,(146) 6245987,126.9,1851.01,03/09/2002
790422,Stephi Briance,Burmakino,Russia,26,(266) 7062623,69.0,1816.46,01/12/2006
409712,Valeria Roofe,Bromma,Sweden,52,(137) 1046258,80.4,1273.49,06/12/2013
737428,Shanie Duchasteau,Karlskoga,Sweden,32,(123) 7271432,99.7,1020.52,06/11/2013
510289,Decca McNamara,Sísion,Greece,44,(724) 3589254,115.5,518.54,29/10/2003
440442,Richy Starmont,Kostrzyn nad Odrą,Poland,30,(486) 6143506,126.6,1366.56,18/12/2004
168548,Shep McCoid,Hrib-Loški Potok,Slovenia,53,(632) 3564766,70.6,863.35,28/01/2009
772517,Gerardo Serjeant,Paris 07,France,59,(992) 6676084,61.2,1973.03,23/08/2004
855041,Bar Larkings,Pedome,Portugal,23,(652) 6137120,137.5,1057.31,25/01/2013
459633,Spencer Cheverton,Njivice,Croatia,65,(841) 5398496,87.6,1014.76,27/07/2018
026026,Celie Vergine,Murganhal,Portugal,31,(365) 7125225,116.7,1727.23,02/08/2004
637944,Eduard Lepard,Pyšely,Czech Republic,25,(698) 8167879,55.0,794.44,10/05/2007
169852,Deny Joscelyn,Kobryn,Belarus,24,(845) 2939150,58.6,811.41,13/05/2007
433357,Rory Sessuns,Trondheim,Norway,48,(457) 4344987,109.9,982.76,16/07/2000
289956,Griffin Kennaird,Suwałki,Poland,61,(566) 6015690,75.1,864.21,27/11/2015
835510,Ermina Heyns,Nowosielce,Poland,54,(345) 6080602,71.7,1196.34,15/01/2001
104449,Giffy Pimer,Vychegodskiy,Russia,38,(312) 9475131,143.4,531.54,11/10/2013
551152,Roby Wadworth,Krasnyy Yar,Russia,39,(353) 4567654,96.3,1016.37,05/03/2001
282708,Cad Arch,Szelków,Poland,27,(819) 9058260,53.2,1495.17,09/10/2007
471797,Clo Traite,Västerås,Sweden,46,(987) 1723672,139.4,137.35,11/07/2013
692507,Nobie Swenson,Stockholm,Sweden,52,(132) 5560563,65.6,926.75,29/06/2012
121192,Gae Eastgate,Donja Brela,Croatia,50,(514) 8565434,79.2,1336.12,10/09/2018
047276,Reba Dayes,Limbaži,Latvia,49,(484) 5990954,60.6,1751.35,03/05/2012
604212,Cecile Izzat,Garbów,Poland,31,(459) 1205560,130.9,1805.03,06/06/2008
625633,Ursuline Garrals,Saint-Quentin,France,44,(114) 1775189,132.0,1784.1,18/12/2006
834050,Lorita Younglove,Lorut,Armenia,45,(261) 7832184,106.4,688.85,19/05/2007
184375,Starlin Rosa,Wetzlar,Germany,38,(280) 2872164,138.1,276.2,04/05/2005
989958,Rutger Palfrey,Haninge,Sweden,22,(864) 4912317,133.6,1920.08,17/03/2007
481621,Sonny Brace,Vónitsa,Greece,19,(840) 5770062,123.9,245.79,13/07/2010
609812,Babbie Dacks,Düsseldorf,Germany,29,(918) 7935863,147.5,1921.63,31/01/2010
694843,Garvy Flay,Šumperk,Czech Republic,40,(337) 1650833,111.6,1537.69,05/12/2013
034164,Alfonso Utley,Tomar,Portugal,59,(379) 5031082,117.7,948.45,25/09/2007
264490,Arleen Wallach,Sv. Anton,Slovenia,55,(721) 3254972,60.0,206.5,24/11/2006
988118,Tate Blain,Żarki,Poland,32,(112) 7143242,143.7,835.45,09/04/2012
929938,Paolina Follitt,Granada,Spain,57,(407) 9469940,100.5,673.33,07/07/2014
209639,Romeo Camocke,Armen,Albania,52,(129) 6993098,64.6,161.08,25/04/2013
425523,Nance Wisker,Arrën,Albania,58,(762) 1429058,92.8,1124.15,21/07/2011
133085,Stormy Tansley,Karmaskaly,Russia,63,(187) 5535142,74.3,452.19,05/01/2013
343364,Emmet Wreiford,Koniaków,Poland,55,(168) 8792513,146.2,1387.47,31/03/2015
922868,Matias Knappen,Budapest,Hungary,23,(926) 5862700,52.5,1365.63,26/10/2002
026207,Anetta Chupin,Prażmów,Poland,45,(771) 6704637,97.2,1041.11,17/04/2006
449213,Adora Swithenby,Athlone,Ireland,52,(159) 9116419,83.5,1813.83,29/08/2002
715203,Nancee Jickles,Kępice,Poland,18,(480) 5342364,77.3,1710.27,17/09/2018
966422,Warner Mardell,Velyka Pysarivka,Ukraine,21,(159) 7352835,108.0,498.39,13/09/2012
328828,Doe Bootland,Przybyszówka,Poland,55,(596) 5041350,61.6,1210.52,09/09/2000
153907,Allie Ismirnioglou,Węgorzyno,Poland,53,(200) 1746281,84.5,887.54,02/07/2013
500737,Massimo Woolveridge,Noyemberyan,Armenia,25,(898) 6308055,118.9,433.39,16/08/2012
953799,Fifine Goulden,Poputnaya,Russia,19,(352) 3306042,120.7,889.12,07/10/2000
867005,Christie Kulver,Obryte,Poland,61,(117) 4637154,104.4,1175.95,15/03/2001
720473,Konstantin Chesnut,Bejsce,Poland,45,(897) 7725027,133.7,234.93,14/01/2013
041426,Shoshana Fleeming,Elaiochóri,Greece,57,(697) 2176544,127.3,1287.86,22/03/2010
063848,Alane Wear,Žlutice,Czech Republic,35,(835) 3978979,125.7,212.33,01/02/2011
257694,Cointon Barnard,Hofors,Sweden,54,(662) 7701210,70.2,1021.42,30/04/2018
929140,Jaymie Yarr,Troyes,France,62,(678) 2701000,75.7,233.51,27/01/2011
792487,Jorie Knibley,Pershotravneve,Ukraine,62,(130) 9041918,84.2,839.85,16/05/2006
503669,Dulcea Kuhle,Haczów,Poland,39,(957) 4285478,80.4,376.78,30/12/2006
600047,Guthry Brazil,Lamovita,Bosnia and Herzegovina,61,(849) 8399573,132.6,1177.68,02/05/2006
263334,Yancey Greensides,Roriz,Portugal,49,(975) 4977063,92.5,1379.84,24/05/2014
201021,Merv Goodhay,Draginje,Serbia,18,(137) 1601113,138.2,587.41,16/02/2009
487912,Merline Cordeau,Manhete,Portugal,55,(633) 6038055,54.1,753.9,24/11/2013
882110,Benedick Castelijn,Victoria,Malta,54,(592) 5617677,122.0,1907.51,04/03/2003
733228,Parnell Harradence,Sabugo,Portugal,63,(937) 3517273,102.9,452.11,05/09/2000
204411,Carmon Schwand,Khelyulya,Russia,21,(820) 4926471,100.7,732.59,24/01/2009
359377,Tedda Ede,Vardenik,Armenia,27,(631) 8742412,142.9,1461.23,12/04/2003
961481,Jaime Gladbeck,Timashëvsk,Russia,47,(418) 7387969,71.5,529.62,19/06/2002
250416,Fulton De Lacey,Balazar,Portugal,27,(624) 5958651,68.9,666.23,15/12/2000
004804,Isabel Lansberry,K’ulashi,Georgia,60,(664) 1112867,108.2,1049.6,27/12/2002
463871,Jacquelyn Pethrick,Frederiksberg,Denmark,61,(644) 9818795,138.9,450.96,06/10/2018
255375,Gussi Pallister,Złota,Poland,19,(224) 6589092,58.6,570.38,18/07/2013
928994,Nero Bahde,Haarlem,Netherlands,54,(275) 7519582,96.7,1191.47,16/08/2004
637545,Kati Pietz,Oslo,Norway,21,(270) 7362411,98.7,105.74,20/11/2007
280590,Teador Bartolomeo,Khrenovoye,Russia,44,(610) 8725503,56.3,658.64,18/05/2018
410685,Hildagard Beckham,Memória,Portugal,61,(439) 3634511,118.8,1420.46,15/09/2006
248564,Justina Thorlby,Ponta da Garça,Portugal,63,(364) 5659975,72.9,616.89,17/07/2015
777408,Wright Petrasch,Wohyń,Poland,46,(798) 5617981,100.1,1982.56,15/06/2011
185686,Monti Poore,Paris 19,France,31,(267) 1104936,104.3,945.03,16/02/2009
543755,Derrek Corneille,Zhovkva,Ukraine,41,(338) 9554778,117.5,1992.6,11/05/2005
659584,Sonya Gurry,Lamadelaine,Luxembourg,21,(187) 8042851,141.0,654.15,28/10/2006
075016,Ruddy Andryushchenko,Wilamowice,Poland,41,(689) 8875563,91.4,926.96,21/11/2017
574802,Kevyn Rountree,Břasy,Czech Republic,52,(200) 3497440,88.4,1800.82,22/01/2009
447110,Tiffanie Bleaden,Vetlanda,Sweden,58,(670) 1875438,66.4,543.18,14/02/2018
846429,Caron McGrale,Nikolinci,Serbia,35,(341) 8056189,105.1,1652.36,12/03/2009
726169,Tabbitha Durno,Żyraków,Poland,18,(945) 9683165,64.4,111.44,21/03/2015
054272,Mireille Duffyn,Kastrat,Albania,57,(534) 1721602,132.5,266.85,28/11/2006
089828,Jerome Gimenez,Kingisepp,Russia,55,(679) 9828237,115.5,1352.21,04/12/2003
590102,Russ Mursell,Zuya,Ukraine,60,(135) 6049680,79.1,449.49,27/01/2019
254397,Flss Fibbings,Emporeío,Greece,20,(419) 6216940,55.1,1990.93,26/11/2016
535479,Gabie Presslie,Ростуша,Macedonia,20,(685) 4573979,114.8,412.88,21/07/2003
142702,Clarence Rawsthorne,Skuodas,Lithuania,40,(891) 3755860,149.1,1615.03,10/06/2013
184197,Vinni Geraud,Hamburg,Germany,58,(137) 7469495,111.4,224.11,28/04/2018
929519,Sondra Hurring,Ostrów Mazowiecka,Poland,63,(971) 2888157,82.6,1449.38,14/04/2016
810048,Sayer Barbey,Bystrzyca,Poland,50,(277) 8460304,98.3,1959.2,19/03/2017
737872,Dion Pirrie,Nowy Dwór Mazowiecki,Poland,42,(854) 6311945,147.7,384.52,18/09/2009
230302,Jerome Mitcheson,Usman’,Russia,63,(925) 4342597,135.8,775.03,29/04/2009
650786,Minda Adkins,Trnovlje pri Celju,Slovenia,26,(977) 5289756,125.1,240.98,05/01/2008
847426,Cass Shakespear,Colmar,France,48,(414) 9692976,138.0,465.28,30/04/2011
695147,Ashia Wardhough,Fazenda de Santa Cruz,Portugal,51,(794) 4051332,103.7,1488.19,24/07/2001
140845,Alexi Pruvost,Clonskeagh,Ireland,39,(142) 8157349,127.5,1615.8,27/04/2007
775986,Lorne Butson,Veyno,Belarus,56,(160) 6181845,131.3,1132.94,06/08/2006
810460,Pammy Gwinnell,Březová,Czech Republic,53,(992) 1517718,56.0,1455.0,04/01/2013
007565,Junie Abson,Vanves,France,19,(936) 2304119,88.8,1053.55,17/09/2011
819377,Jennifer Cullen,Verkhniye Osel’ki,Russia,34,(144) 1059696,135.8,677.35,06/04/2018
976038,Mattie Shildrake,Tojeira,Portugal,54,(201) 9582835,70.0,1354.21,05/03/2003
281222,Gwenneth Curle,Grazhdanka,Russia,41,(309) 4474108,94.4,1238.83,07/06/2013
571844,Gerhard Domenichini,Laszki,Poland,44,(447) 1961823,64.8,366.76,17/01/2014
410040,Delbert Sillick,Pembroke,Malta,41,(267) 7894328,99.5,1094.3,23/06/2016
170384,Cam Pesak,Otradnoye,Russia,35,(637) 3835831,67.8,1901.65,20/11/2013
401369,Verile Littrell,Cova da Iria,Portugal,41,(298) 4845123,57.6,1150.4,27/02/2016
115014,Ulick Tisun,Nanterre,France,32,(953) 8729071,144.7,1981.61,28/09/2017
928104,Estrellita Ricardon,Cabeço de Vide,Portugal,20,(901) 7249741,136.3,673.86,10/07/2006
960977,Mallory Flecknell,Pameče,Slovenia,54,(542) 4529142,113.7,1328.78,26/08/2003
533200,Jazmin Cranage,Sintra,Portugal,56,(806) 4694034,60.2,983.66,04/03/2006
370534,Bailey Faire,Naas,Ireland,38,(338) 8290172,88.5,346.27,09/07/2016
213696,Ann Surridge,Wiślica,Poland,18,(492) 9470998,126.2,531.16,31/07/2003
748977,Fields Osbaldeston,Trollhättan,Sweden,24,(747) 2455335,71.6,941.58,18/09/2009
387598,Amandi St. Queintain,Blois,France,42,(181) 5723336,147.4,1581.27,04/06/2005
094026,Martynne Baggarley,Głuchów,Poland,26,(959) 7706844,70.4,1744.27,08/11/2003
286407,Raimund Shills,Pankovka,Russia,56,(512) 4335240,139.5,812.87,13/10/2000
828760,Ebeneser Cowdroy,Ozurgeti,Georgia,19,(120) 4600190,119.2,751.42,12/05/2001
102320,Fraze Heavens,Wiślica,Poland,18,(545) 1276947,50.3,704.21,25/05/2016
582773,Gretchen Bigham,Pécs,Hungary,53,(507) 5762724,128.3,292.97,28/11/2017
146800,Gill Stowers,Maroúsi,Greece,38,(606) 2056414,93.3,1531.78,10/03/2009
766003,Liliane Kenen,Saint John,Malta,18,(451) 1715057,96.2,959.68,25/09/2004
432283,Elmira Killimister,Rodez,France,60,(582) 6421526,120.8,107.71,05/05/2017
851434,Jarrett Vauter,Pavlovka,Russia,43,(386) 7362659,108.8,797.88,10/02/2005
137819,Nowell Impett,Boulogne-Billancourt,France,57,(858) 8300468,78.5,1186.47,08/11/2018
003923,Euphemia Cully,Prado,Portugal,23,(518) 3591359,112.7,129.34,09/01/2002
992964,Goraud Kemmons,Gorno-Altaysk,Russia,45,(650) 1452829,100.7,352.9,05/06/2018
485714,Packston Dexter,Géfyra,Greece,47,(359) 3780430,133.3,1323.19,05/01/2006
142175,Sanders Goman,Néa Péramos,Greece,61,(197) 2242315,107.5,801.88,10/07/2000
175092,Frieda Torrijos,Moravče,Slovenia,24,(860) 1518943,135.5,273.4,03/05/2004
992831,Caresa Jillitt,Santander,Spain,22,(415) 7372252,70.4,1353.65,04/06/2001
007670,Katuscha Tabart,Khyzy,Azerbaijan,23,(326) 8402243,129.1,1174.92,22/11/2001
761893,Alicea Vokins,Montluçon,France,31,(952) 1580663,74.1,1675.24,29/11/2013
955594,Theodora Keach,Miejsce Piastowe,Poland,61,(588) 9279078,76.2,1760.69,01/09/2012
133499,Almeria Morhall,Jesenice,Czech Republic,45,(361) 7137308,94.3,1557.26,09/11/2010
074152,Ian Frushard,Sande São Lourenço,Portugal,56,(932) 1305628,141.0,783.44,25/07/2007
791004,Oralle Dell 'Orto,Imġarr,Malta,55,(201) 7589443,92.5,1997.54,12/11/2011
678577,Almire Bowdery,Svalyava,Ukraine,20,(543) 9314005,108.3,1115.58,22/09/2014
752927,Kristofer MacElroy,Bergerac,France,60,(358) 6853789,114.3,326.85,24/08/2018
737297,Franny Foad,Dzagam,Azerbaijan,63,(180) 4242288,62.4,1278.82,21/03/2005
011177,Avictor Eliasen,Sheki,Azerbaijan,54,(221) 4891881,109.1,277.49,07/08/2011
141595,Christy Huyhton,Janikowo,Poland,36,(282) 7057912,54.3,1602.74,13/03/2003
180672,Joye Spinke,Kushnytsya,Ukraine,26,(841) 2972675,58.3,164.97,06/07/2009
867241,Maurise Brimblecombe,Fredrikstad,Norway,44,(525) 9529963,55.0,711.89,25/10/2001
170083,Ray Aslott,Rudka,Poland,62,(489) 7237029,141.2,946.3,28/02/2003
389992,Katherina Adamsson,Noisy-le-Grand,France,38,(868) 4921725,114.1,578.96,14/12/2017
679861,Andriette Benthall,Novi Beograd,Serbia,51,(782) 4501240,140.4,1348.58,08/02/2008
393048,June Kelsey,Bolszewo,Poland,41,(132) 2825470,76.2,1719.74,19/11/2014
960380,Gerry Dankersley,Aknīste,Latvia,44,(628) 2535530,123.4,957.21,06/02/2010
247389,Bertine Helliar,Salon-de-Provence,France,27,(468) 9755137,144.2,1553.73,14/08/2012
412554,Cherey MacDermot,Borkowice,Poland,48,(549) 9784520,130.0,1387.48,03/04/2011
800942,Halimeda Boland,Best,Netherlands,53,(331) 8490875,73.5,1829.92,09/01/2008
673870,Cesare Naisey,Brataj,Albania,35,(141) 9665000,71.6,883.14,11/08/2003
081355,Egor Spivie,Vladikavkaz,Russia,41,(371) 3157171,148.3,285.9,04/10/2005
909474,Ellary Davet,Yershov,Russia,49,(632) 2334148,148.5,1487.06,06/02/2011
994578,Reinwald Click,Kowale,Poland,33,(799) 7512916,82.0,464.54,22/08/2001
600868,Raleigh Lassey,Sergiyev Posad,Russia,29,(837) 5335230,52.3,439.91,24/07/2014
478644,Jamie Chorlton,Lumijoki,Finland,26,(994) 9529580,101.7,1650.66,17/04/2012
317789,Lanny McMains,Todorovo,Bosnia and Herzegovina,27,(377) 3115593,90.2,1551.25,07/10/2010
913026,Farrand Dignon,Obroshyne,Ukraine,39,(408) 2975802,111.3,975.93,15/09/2002
397872,Gretchen Benediktsson,Krasnoshchekovo,Russia,59,(232) 8259753,106.7,231.94,14/05/2006
262483,Allen Gilder,Sv. Trojica v Slov. Goricah,Slovenia,61,(669) 7274699,112.8,985.33,13/05/2016
480597,Callida Wolfe,Starigrad,Croatia,50,(973) 7332966,111.8,1950.04,19/07/2003
919287,Catina Sandercroft,Santiago do Cacém,Portugal,46,(875) 7937552,94.7,157.6,03/10/2011
373329,Jessika Lowin,Stradbally,Ireland,18,(948) 3205025,105.1,1391.95,22/08/2005
961733,Chelsey Stoppard,Anzhero-Sudzhensk,Russia,48,(335) 2660549,91.1,1233.71,01/12/2001
022809,Jamill Sabathier,Övertorneå,Sweden,22,(299) 3398424,114.5,1133.69,01/09/2012
289158,Gregorius Bannell,Frederiksberg,Denmark,42,(804) 3661116,143.8,1033.9,24/02/2011
256379,Millard Smurfitt,Bełżec,Poland,55,(421) 1007961,146.0,646.02,12/04/2007
563771,Leonie Dybell,Cuba,Portugal,61,(881) 2092712,102.3,1949.21,26/07/2008
999096,Nap Rabley,Pontarlier,France,52,(765) 6432562,66.0,1017.81,13/06/2014
469291,Brianne Tilio,Ilioúpoli,Greece,42,(264) 5730367,122.3,642.69,11/03/2016
478258,Jone Lapsley,Cachan,France,46,(431) 6823543,126.8,1658.94,31/08/2014
000400,Winna Follitt,Fílla,Greece,50,(634) 9896585,112.4,1297.52,24/07/2011
090928,Kienan Hunstone,Paris 08,France,18,(105) 2107001,64.0,1552.5,13/01/2014
296653,Catriona Goom,Krasnyy Profintern,Russia,38,(452) 6713838,113.2,1080.82,23/07/2005
955531,Velma Turvie,Žamberk,Czech Republic,49,(683) 4363068,145.1,716.68,03/03/2001
327442,Dotti Foulkes,Nevel’sk,Russia,50,(676) 3188576,118.8,1033.16,09/10/2017
170614,Rici Hallin,Aldeias de Cima,Portugal,59,(826) 5982057,115.7,702.94,10/12/2014
823946,Allayne Lyver,Rizómilos,Greece,18,(630) 2981400,84.0,884.56,21/11/2017
382335,Suzann Eldridge,Andrijevica,Montenegro,55,(160) 2453147,97.4,243.23,06/02/2009
844110,Kalila Maffia,Karnobat,Bulgaria,54,(436) 8317200,87.4,1594.22,24/08/2004
941327,Dniren Sorrill,Lyamino,Russia,28,(179) 9318400,82.7,1515.46,02/03/2007
465217,Jodie Portinari,Vladislav,Czech Republic,38,(282) 5403714,105.8,629.52,28/08/2014
831727,Celine Seery,Sudislavl’,Russia,26,(848) 3857699,64.2,638.63,04/03/2005
158607,Dacey Itschakov,Corgo,Portugal,39,(150) 5458338,70.9,1455.86,05/03/2010
204654,Nicky Phette,Caldelas,Portugal,48,(461) 3499849,125.5,393.22,21/10/2005
076907,Crista Dukesbury,Skulsk,Poland,31,(719) 5853085,145.7,976.84,29/07/2014
133933,Finn O'Dooghaine,Shipka,Bulgaria,38,(260) 9110636,83.4,871.72,06/07/2015
548939,Pia Pryce,Mieszkowice,Poland,36,(564) 2159265,143.2,1252.03,27/11/2015
146707,Amble Ebbitt,Karanlukh,Armenia,32,(484) 2799714,52.5,286.52,11/11/2018
744550,Chastity Corteis,Cholargós,Greece,27,(763) 2357639,126.1,951.42,12/09/2015
624375,Ophelie Greenslade,Nekrasovka,Russia,45,(866) 7976659,96.2,487.08,16/11/2012
736329,Seumas O'Griffin,Ростуша,Macedonia,42,(650) 4349833,91.9,539.04,15/11/2003
115727,Arlan Boost,Aleksandrów,Poland,58,(727) 8602675,87.3,1457.1,08/06/2004
860248,Creigh Blewitt,Goris,Armenia,47,(699) 6823898,66.1,282.05,14/02/2015
500473,Tanitansy Reardon,Kaznějov,Czech Republic,34,(199) 8109674,56.0,1122.52,13/10/2000
368351,Benoit Arunowicz,Gryfino,Poland,36,(927) 6690577,99.3,1208.23,28/09/2007
228226,Natasha Wickham,Stoczek,Poland,44,(285) 5913643,126.2,1476.67,04/02/2007
301564,Even Castro,Sigayevo,Russia,27,(590) 2386112,81.0,578.12,24/04/2012
921325,Othella Auchterlony,Bengtsfors,Sweden,41,(863) 6592605,97.7,1509.43,11/10/2007
469556,Sergio Blais,Redange-sur-Attert,Luxembourg,36,(194) 9792367,56.5,1037.81,19/05/2016
762964,Clarita Curtis,Aban,Russia,52,(247) 4458767,139.7,303.53,23/03/2007
821109,Abbot Snozzwell,Pedra Furada,Portugal,18,(576) 8751917,88.0,223.83,12/09/2006
601561,Bradley Scotford,Hisings Kärra,Sweden,61,(278) 7179771,131.9,102.96,27/03/2014
716834,Gabbey Kermath,Vermelha,Portugal,64,(829) 4949129,64.8,1783.05,07/08/2012
495395,Had Eldershaw,Shakhun’ya,Russia,44,(305) 1037560,92.3,542.42,26/12/2006
800700,Algernon Leinweber,Delft,Netherlands,29,(924) 1521326,140.8,1754.05,21/07/2010
935544,Herb Kubec,Malko Tŭrnovo,Bulgaria,52,(840) 5107114,76.7,1007.85,20/12/2013
753236,Hunt Ren,Oslo,Norway,44,(707) 9283361,111.9,1406.79,10/10/2012
099616,Hilary Trevain,Kętrzyn,Poland,40,(493) 1482463,63.4,985.28,07/11/2018
879085,Constanta Vanes,Kvartsitnyy,Russia,44,(137) 1890680,57.3,1025.71,14/07/2011
866517,Seline Thow,Pego Longo,Portugal,21,(956) 4619192,77.6,965.54,12/11/2006
334692,Juliana Bosward,Aromashevo,Russia,51,(635) 7513661,78.6,1621.97,13/06/2007
155109,Carolee Pedlar,Täby,Sweden,44,(477) 4191225,147.6,1676.78,05/05/2015
409553,Tan Scamaden,Versailles,France,35,(645) 2336249,137.9,348.96,11/06/2002
067071,Damon Pointin,Nagornyy,Russia,23,(528) 6520928,113.9,1049.81,18/11/2006
677581,Randene Polo,Novaya Tavolzhanka,Russia,58,(116) 1589662,128.8,1129.38,21/01/2008
630344,Brigitte Tortice,Lopatinskiy,Russia,40,(911) 6792436,130.1,454.45,22/08/2013
444936,Sherline Heathfield,Novotroitskaya,Russia,62,(859) 5512264,68.1,1361.92,22/04/2004
251402,Lynn Hellcat,Stírion,Greece,53,(862) 1611029,86.9,1973.67,23/07/2006
841869,Wynn Jenkinson,Cosne-Cours-sur-Loire,France,48,(523) 4165346,65.7,110.35,05/10/2018
082979,Lisa Nattrass,Junik,Kosovo,48,(173) 9591513,60.9,1395.39,15/10/2015
291524,Howey Najafian,Gózd,Poland,40,(570) 4347551,60.6,124.11,12/02/2007
852071,Claudia Kenworthey,Zvezdara,Serbia,62,(180) 7548661,80.8,325.67,15/12/2011
792353,Diena Vasenin,São Sebastião,Portugal,27,(999) 7915066,59.1,644.62,17/03/2001
294674,Enriqueta Leece,Berlin,Germany,19,(913) 4219672,92.7,1097.2,06/05/2013
312591,Archie Liptrod,Uppsala,Sweden,35,(568) 5916447,84.0,1639.45,15/02/2012
043210,Lorettalorna Sizey,Cabra Figa,Portugal,36,(674) 6358866,82.7,1693.89,19/01/2013
645805,Lauraine Doone,Zhashkiv,Ukraine,51,(915) 8024909,73.6,1094.35,09/01/2018
772935,Mallorie Raggles,Pryyutivka,Ukraine,42,(750) 2046749,129.2,1627.41,13/03/2006
242148,Jamaal Hurche,Pyt-Yakh,Russia,38,(691) 4900655,129.3,1079.61,06/07/2013
378910,Mateo Beaconsall,Vagonoremont,Russia,22,(409) 5313293,60.7,1094.98,22/01/2014
133587,Margaretta Beardsall,Kobarid,Slovenia,43,(366) 9471582,108.1,1601.62,26/07/2013
550823,Olive West-Frimley,Eskilstuna,Sweden,18,(143) 5225608,147.8,670.62,18/05/2009
825657,Joscelin Auten,Timiryazevskiy,Russia,40,(874) 5507148,62.1,606.7,12/10/2014
913844,Odelia Palek,Enskede,Sweden,18,(178) 9966453,105.8,1239.7,12/09/2001
113413,Star Coule,Praia da Tocha,Portugal,28,(426) 3382936,141.3,1612.32,15/08/2016
884371,Red Chisholme,Srebrenica,Bosnia and Herzegovina,64,(277) 5536083,99.0,543.81,24/07/2006
345631,Ravi Rouge,Kęsowo,Poland,64,(645) 9371545,111.6,544.11,01/03/2016
776328,Antonella Crenage,Zhdanov,Armenia,38,(383) 6916773,78.1,1075.03,20/04/2006
630018,Sylas Dodgshon,Övertorneå,Sweden,62,(821) 8453841,70.8,708.51,24/07/2018
417403,Beale Brosius,Ochër,Russia,60,(571) 4263938,68.0,548.97,03/03/2012
305359,Clementina Espinheira,Opatowiec,Poland,56,(264) 6126269,95.1,914.18,01/10/2015
330550,Mario Borsi,Volzhsk,Russia,22,(285) 8263265,87.4,1510.1,27/09/2007
686328,Christan Pauletti,Huskvarna,Sweden,59,(339) 4271325,84.2,1894.79,09/09/2003
932316,Edvard Swinfon,Nizhnevartovsk,Russia,28,(550) 6810447,64.1,1960.9,01/09/2017
671388,Esra Van Rembrandt,Tver,Russia,34,(213) 1815374,70.7,1215.05,08/05/2014
030974,Haslett Langtry,Lyon,France,52,(479) 1777893,55.5,1445.04,04/10/2016
177973,Frederik Biset,La Rochelle,France,21,(330) 4512123,149.5,969.21,23/08/2015
299634,Angil Coggon,Eschweiler,Luxembourg,53,(700) 4675991,98.5,357.22,31/12/2011
953681,Keriann Boggon,Yeri,Cyprus,61,(788) 8562595,62.8,1523.7,17/05/2006
620184,Stesha Stambridge,Kupavna,Russia,54,(866) 8993518,120.1,419.9,09/06/2010
128094,Cosette Conaghy,Elektrėnai,Lithuania,24,(923) 8150173,77.0,412.38,23/02/2016
215409,Eve Illwell,Kelmė,Lithuania,18,(221) 8052091,57.4,1481.87,25/01/2009
034995,Elladine Di Biagio,Obsharovka,Russia,22,(193) 4518085,123.2,1553.42,08/09/2013
193735,Burch Eisikowitch,Ljupina,Croatia,56,(696) 1472075,103.9,950.72,06/03/2009
140727,Philis Vernon,Châteauroux,France,59,(714) 5777438,56.3,169.78,26/07/2000
486039,Brocky Basek,Vuokatti,Finland,18,(589) 1639665,79.7,1000.07,24/04/2014
973859,Niel Andras,Jonkowo,Poland,46,(231) 9264042,125.2,1133.23,11/10/2018
132107,Ibrahim Woodhead,Staraya Kupavna,Russia,45,(812) 7395884,63.8,1319.28,06/12/2017
178847,Winnah Bernier,Kanashevo,Russia,44,(222) 6953899,51.9,1650.02,17/07/2003
778940,Britni Vanyarkin,Koran,Bosnia and Herzegovina,21,(800) 1218122,91.0,639.11,29/03/2019
040300,Aldwin Wordsworth,Radomir,Bulgaria,57,(383) 6815158,148.7,1527.3,25/03/2011
088447,Abby Bakeup,Vrilissia,Greece,28,(948) 4764102,59.7,1216.24,14/05/2017
917396,Waylin Ganiford,Kungsbacka,Sweden,38,(297) 2541886,67.7,777.29,15/05/2008
053151,Dick Underhill,Kondrovo,Russia,25,(306) 5811840,96.2,684.71,09/12/2006
838870,Tabbie Peschet,Mata,Portugal,32,(676) 3510981,119.6,880.47,05/06/2001
544940,Henka Ratazzi,Szczecin,Poland,56,(302) 6715519,142.8,501.95,10/10/2014
149139,Rolf Kuhwald,Chão,Portugal,53,(552) 7835143,53.4,1316.33,21/04/2008
547909,Tobi Pawlik,Kirs,Russia,38,(556) 8769321,144.9,1640.5,02/11/2013
083904,Larissa Liffe,Suure-Jaani,Estonia,19,(693) 3101117,72.4,1633.53,18/03/2019
895462,Etheline Scamel,Maia,Portugal,62,(749) 4411646,55.4,1489.32,14/10/2005
169343,Ash Romayne,Firenze,Italy,63,(373) 2321982,137.0,1365.29,07/01/2011
173103,Anne Darbyshire,Gorno-Altaysk,Russia,58,(190) 1301084,107.8,1606.0,29/11/2015
182164,Dorotea Membry,Hovězí,Czech Republic,38,(769) 8886743,136.1,1013.73,09/04/2016
260808,Bryon Esome,Maisons-Laffitte,France,53,(642) 5053635,122.9,421.16,11/06/2000
681631,Farrand Dishmon,Gandra,Portugal,63,(987) 7999383,131.4,1994.31,08/06/2005
927624,Ida McKimm,Wysoka,Poland,64,(925) 3397805,137.5,1403.87,23/03/2010
342665,Katerine Preble,Mirecourt,France,52,(740) 5596514,103.9,291.68,15/04/2010
573825,Sissie Merioth,Pamiers,France,41,(272) 7580984,59.6,374.05,02/10/2013
457623,Rafaelia Leteurtre,Sé,Portugal,65,(591) 2923223,81.7,562.21,20/03/2010
039612,Giselle Dufour,Nisí,Greece,58,(725) 3766915,127.9,632.76,07/08/2015
881868,Tad Newrick,Nakkila,Finland,43,(134) 3258309,85.4,1806.08,24/12/2002
191362,Eyde Aymeric,Sapotskin,Belarus,39,(445) 4988983,101.5,266.7,29/01/2010
081639,Penny MacCleod,Dolní Bojanovice,Czech Republic,26,(294) 5745457,132.3,450.63,12/12/2000
434208,Elisabet Aupol,Pryyutivka,Ukraine,56,(979) 3614435,123.1,1768.11,20/10/2012
052506,Noami Faire,Castlebellingham,Ireland,62,(942) 8421916,117.3,833.26,04/08/2006
801738,Lemmy Cockarill,Toulon,France,44,(270) 4266795,77.9,473.62,24/02/2008
561643,Bevvy Infantino,Olovyannaya,Russia,40,(930) 8830173,77.1,353.01,06/01/2014
393369,Rebbecca Skillett,Roma,Italy,56,(957) 7952129,147.4,766.26,01/06/2009
589311,Lyssa Normabell,Obsharovka,Russia,39,(933) 1384228,143.8,1171.94,22/12/2009
275153,Jess Tremethack,Falköping,Sweden,18,(563) 9677969,64.4,1121.13,21/02/2016
820703,Colver Drowsfield,Borzoy,Russia,52,(611) 8880431,113.3,1524.05,27/06/2004
100323,Gretel Gifford,Ágios Stéfanos,Greece,43,(587) 4595848,144.4,1019.45,01/01/2007
403782,Chancey Kausche,Tyukalinsk,Russia,64,(847) 7819307,67.8,1664.02,22/06/2009
179710,Dara Soame,Berlin,Germany,21,(878) 1011603,62.8,560.33,20/04/2001
217910,Rahel Dulieu,Telnice,Czech Republic,63,(671) 1119881,105.1,266.18,15/05/2009
195694,Petrina Reimer,Angeghakot’,Armenia,43,(570) 9140504,94.8,679.11,16/11/2014
888131,Derick McArdle,Santarém,Portugal,40,(641) 5763804,102.9,183.4,16/08/2014
038142,Merle Medlin,Genisséa,Greece,48,(154) 2234432,89.5,1881.09,30/01/2019
183014,Hyacinthe Mathen,Tromsø,Norway,48,(832) 3803815,140.7,933.35,06/12/2018
484106,Judye Cowlishaw,Stockholm,Sweden,25,(700) 2495691,139.8,1387.41,09/03/2012
708950,Dido Morston,Shahumyan,Armenia,47,(663) 5560422,118.0,454.97,04/08/2004
434107,Amalia Mogey,Normanton,United Kingdom,65,(740) 5716154,93.2,819.19,03/05/2012
704738,Mommy Willeman,Zbrosławice,Poland,23,(404) 6079333,79.1,700.23,04/09/2000
803431,Myrtie Abrehart,Kamienna Góra,Poland,65,(182) 6690598,125.2,630.81,20/01/2004
936876,Masha Carhart,Yambol,Bulgaria,43,(485) 5460034,76.7,863.8,10/05/2013
226752,Malena Lapham,Lakkíon,Greece,53,(367) 5433146,139.4,1732.4,15/02/2004
041097,Brody Slatcher,Le Mans,France,63,(966) 1916143,100.5,352.08,12/12/2007
214532,Ryann Garshore,Stockholm,Sweden,38,(407) 4839393,147.9,1491.84,05/02/2002
426788,Lotta Cowland,Torslanda,Sweden,59,(938) 9442219,74.8,1406.2,05/03/2014
884265,Laurel Pykerman,Sietesz,Poland,32,(209) 7055367,98.5,1581.95,09/07/2015
108218,Valentine Couth,Novogireyevo,Russia,47,(391) 1785757,65.7,1502.96,17/02/2012
583402,Norby Bilsborrow,Krzanowice,Poland,19,(496) 3748705,85.2,748.01,26/07/2000
058957,Raquel Gettings,Entradas,Portugal,44,(276) 8782641,72.1,204.38,25/08/2004
555046,Tobit Leisman,Dzyatlava,Belarus,43,(934) 6480617,124.0,393.79,07/12/2005
630681,Kora Sarah,Pyhäjoki,Finland,40,(510) 3178515,89.6,748.55,02/03/2014
746525,Phedra Cornuau,Mayskiy,Russia,50,(959) 8122082,80.0,1816.07,28/12/2017
222804,Vidovik O'Tuohy,Ten’gushevo,Russia,59,(640) 4766164,138.1,612.29,12/08/2000
940646,Sydelle Bines,Cabo de Vila,Portugal,54,(578) 1490179,103.6,580.94,20/08/2013
460630,Imogen Gissop,Łapsze Niżne,Poland,33,(158) 4158583,136.3,237.89,03/10/2016
786967,Cathi Argente,Askersund,Sweden,39,(524) 4477985,65.4,1877.41,17/05/2002
173271,Dyna Etuck,Senovo,Slovenia,52,(772) 1579796,121.8,1006.25,06/03/2018
613888,Crichton Bullock,Ryazhsk,Russia,59,(942) 9368494,128.9,1596.22,20/12/2010
689371,Byran Toolan,Volnovakha,Ukraine,35,(507) 2762862,103.5,314.6,19/04/2015
121182,Tudor Relton,Dhali,Cyprus,26,(198) 8680595,70.0,237.88,30/11/2016
788950,Elsy Dresche,Kristiansand S,Norway,42,(183) 9298802,141.1,1903.17,16/10/2013
729027,Alia Goodlud,Boljevac,Serbia,26,(310) 6655675,108.1,523.43,23/09/2002
793251,Ivie Robker,Hultsfred,Sweden,56,(488) 7806384,63.1,731.28,19/07/2016
574032,Betteann Simonian,Moita da Roda,Portugal,63,(941) 8336914,125.2,1591.98,28/03/2001
651478,Gilbertina Rides,Voznesenskaya,Russia,25,(665) 1839761,149.8,808.4,19/02/2005
459374,Sile Softley,Inkerman,Ukraine,44,(178) 6065556,118.5,1609.82,15/04/2004
832252,Thoma Wellfare,Lyubar,Ukraine,59,(853) 4714747,75.4,646.39,24/05/2002
370379,Fredi Remnant,Pedra Furada,Portugal,26,(475) 9192344,71.2,547.75,14/11/2006
430843,Ervin Hubball,Inčukalns,Latvia,24,(166) 8383309,141.4,217.0,14/08/2017
516563,Gregoor Kobu,Espinheira,Portugal,59,(704) 9483042,105.1,771.41,27/11/2000
552037,Tierney Marjot,'s-Hertogenbosch,Netherlands,46,(281) 7313191,142.9,1904.18,10/04/2016
558025,Vanda Innis,Uchaly,Russia,22,(784) 6198909,52.0,741.51,21/08/2017
687455,Jere Lemar,Lugar Novo,Portugal,42,(710) 4419291,103.1,1027.91,03/03/2019
900475,Lavena Nuscha,Bonneville,France,58,(844) 5157927,145.0,760.69,29/02/2012
935163,Denney Fuentez,Barbudo,Portugal,33,(235) 9387936,115.4,375.31,12/01/2019
244697,Chanda Walliker,Valladolid,Spain,59,(151) 3739402,101.7,1453.17,21/10/2005
626937,Leese Fookes,Perniö,Finland,55,(274) 5610038,77.8,1416.84,30/08/2016
392963,Veronika Knagges,Hacıqabul,Azerbaijan,42,(662) 4789028,94.4,1439.84,23/04/2010
962978,Gerhardt Bogie,Prosyana,Ukraine,53,(909) 5658174,113.4,1566.07,30/05/2005
294564,Verile Sickamore,Évreux,France,49,(590) 6898041,98.8,862.18,14/03/2019
888972,Jilli Bow,Kuchurhan,Ukraine,30,(478) 2794075,94.6,122.73,15/04/2004
031438,Lyn Kovacs,Shilovo,Russia,40,(734) 1719195,100.8,1377.51,25/02/2015
102464,Elisabetta Ernshaw,Rogóźno,Poland,21,(970) 1009004,105.1,1818.98,26/11/2001
085134,Siana Bazeley,Bačka Palanka,Serbia,50,(583) 5756393,110.7,1097.22,26/01/2008
263163,Kandace Kanzler,København,Denmark,53,(650) 9636058,118.0,1448.2,02/09/2011
077862,Karilynn Woodsford,Novozybkov,Russia,31,(468) 6131250,50.9,514.57,03/12/2016
971082,Rickie Barthelme,Apeldoorn,Netherlands,37,(178) 5830579,127.8,247.65,02/01/2018
346231,Kellyann Glanton,Turija,Serbia,51,(245) 6657383,120.3,697.52,02/08/2007
275945,Law McArd,Verkh-Usugli,Russia,26,(668) 2962710,109.5,996.9,17/03/2003
386921,Koren Pryer,Lyubotyn,Ukraine,43,(926) 1608735,134.5,869.66,07/04/2011
455859,Duffy Pickthall,Nikopol’,Ukraine,27,(413) 5588203,108.6,1234.91,15/08/2015
130428,Tabbie Newbold,Svetlyy,Russia,19,(557) 8120579,97.1,618.18,12/04/2013
974178,Sue Motton,Blizne,Poland,24,(806) 4476086,104.6,779.82,28/09/2013
831867,Gian Weed,Dresden,Germany,27,(177) 9214151,76.6,525.81,26/03/2013
020159,Ronna Castanie,Romilly-sur-Seine,France,30,(235) 1373082,116.0,1580.51,04/06/2016
772402,Em Ditchfield,Murowana Goślina,Poland,58,(168) 4862585,102.9,1898.23,10/11/2004
414785,Corrinne Pariss,Longvic,France,52,(601) 1335118,126.2,1537.78,18/11/2006
077549,Gibbie Cranidge,Noailles,France,42,(265) 2654345,136.6,1895.99,30/06/2009
877882,Earle Wyrall,Orvalho,Portugal,60,(872) 9574912,148.5,939.51,14/08/2012
446892,Andonis Traher,Martigues,France,20,(978) 2233549,52.7,350.54,26/01/2019
387903,Herculie Atyea,Egvekinot,Russia,43,(677) 3011893,139.8,1280.61,05/09/2006
097347,Skelly Kubczak,Bërxull,Albania,25,(495) 1993585,53.9,991.98,17/07/2012
465403,Celle Legan,Cadiz,Spain,57,(486) 4039336,134.3,1710.85,09/01/2019
047144,Arliene Fitchett,Dobra,Poland,28,(545) 7147970,80.6,686.16,19/01/2016
126908,Belicia Earngy,Berezna,Ukraine,43,(557) 7488791,119.8,1173.77,14/06/2013
896597,Porter Rainy,Burevestnik,Russia,65,(717) 1942414,63.3,1642.29,15/09/2011
346588,Brody Evers,Galatás,Greece,22,(962) 4621691,71.1,1867.1,18/01/2013
847423,Rafa Argontt,Varge Mondar,Portugal,57,(639) 9345053,108.9,916.03,27/03/2005
140846,Saxe Hargerie,Kyurdarmir,Azerbaijan,32,(397) 4969322,126.1,1384.14,10/06/2012
139190,Tess Dotson,Aix-en-Provence,France,60,(633) 8340898,122.7,1549.06,30/05/2005
086810,Clayson Jenkin,Jedlina-Zdrój,Poland,20,(490) 8325204,105.0,1003.45,23/04/2004
054694,Pascale Goodfield,Debar,Macedonia,39,(936) 8208401,97.1,1811.85,13/01/2002
568351,Malia Avrahm,Dachnoye,Russia,34,(650) 8040800,126.7,1839.54,02/12/2005
033918,Aylmar Florey,Dubovka,Russia,21,(890) 4307928,105.4,487.03,18/11/2015
522954,Jorgan De Carolis,Lille,France,35,(934) 4260472,66.1,1301.63,20/01/2003
787367,Morgan Dionisii,Fryazino,Russia,20,(452) 2011650,67.3,674.04,10/09/2018
077422,Farrell Gillino,Радовиш,Macedonia,18,(115) 2201631,73.5,200.9,26/08/2018
112786,Ranna Falcus,Trelleborg,Sweden,62,(315) 2526711,137.6,1113.91,20/08/2001
835680,Johnathan Rockhill,Oni,Georgia,42,(327) 9575570,105.0,1359.93,07/01/2012
221629,Emili Machen,Lagyná,Greece,45,(886) 8506059,120.1,1604.79,08/09/2005
583107,Aurie Cockburn,Gugark’,Armenia,19,(662) 2374537,134.4,1060.08,22/02/2001
569485,Carroll Apfler,Cloyne,Ireland,22,(726) 7339593,87.3,1740.57,17/03/2007
189868,Coletta Creavan,Askim,Norway,37,(506) 9795034,87.1,178.29,15/09/2017
589359,Mirabel Rowledge,Sapataria,Portugal,38,(801) 9522523,117.0,506.82,22/01/2010
566675,Brigg Fritschmann,Žiželice,Czech Republic,63,(329) 8074191,94.0,979.15,16/09/2018
956245,Ellswerth Easby,Miskolc,Hungary,19,(338) 8005741,68.8,742.18,10/10/2002
862172,Nertie Bremley,Lubichowo,Poland,64,(811) 7304788,113.7,277.4,08/12/2018
073314,Ami Oleksiak,Sankt Andrä-Höch,Austria,59,(610) 8853604,53.7,406.58,21/08/2007
767443,Gretal Kennan,Parchowo,Poland,45,(767) 9108234,81.0,242.39,18/04/2012
348752,Parry Titmus,Bohorodchany,Ukraine,36,(239) 7834561,110.2,1457.86,10/07/2013
204033,Mariya Ioselevich,Despotovac,Serbia,65,(341) 9995775,140.5,1724.38,26/05/2004
514213,Maximo Webber,Chişinău,Moldova,25,(985) 7476930,125.0,390.36,19/07/2000
298471,Zonnya Duffyn,Aksakovo,Bulgaria,35,(873) 4066466,130.5,1748.76,11/05/2009
480788,Westbrooke Klasing,Budapest,Hungary,62,(132) 1673785,148.7,828.94,20/05/2015
625159,Gavrielle Kobsch,Paris La Défense,France,64,(679) 3231759,109.3,1795.19,03/08/2004
160962,Dorey Clipson,Nizhniye Vyazovyye,Russia,62,(813) 1174961,121.7,1224.41,26/10/2015
717607,Lyon Latimer,Manosque,France,40,(103) 8327961,134.8,815.21,19/06/2011
228150,Effie Trinder,Miechów Charsznica,Poland,32,(856) 8502691,145.9,1272.05,09/07/2002
081108,Karylin Tootell,Zgornje Gorje,Slovenia,21,(385) 8066235,139.6,1704.3,30/10/2016
421529,Josiah Durston,Bakar,Croatia,53,(577) 5084739,82.4,444.94,11/04/2007
011358,Gracia Hallex,Gryfino,Poland,28,(413) 5112968,105.8,1727.3,23/10/2015
789756,Rivy Joska,Lagoa,Portugal,19,(966) 4841656,149.9,746.78,25/07/2014
432616,Binni Nevins,Bromma,Sweden,64,(525) 5728760,141.5,1812.13,31/07/2012
575931,Lemuel Duffill,Pego Longo,Portugal,31,(104) 3101063,141.8,1819.01,20/04/2007
578957,Tripp Jaume,Owczarnia,Poland,61,(875) 4694677,133.3,1010.97,30/09/2004
603288,Sebastian Wykes,Chlumec,Czech Republic,60,(881) 8214701,52.3,1663.27,02/09/2015
079916,Perla Rhyme,Podivín,Czech Republic,50,(832) 3773311,94.9,529.92,02/12/2000
261414,Whitaker McCathay,Figueiredo,Portugal,19,(677) 4233332,71.6,155.57,25/02/2012
997381,Boothe Battelle,Hoktember,Armenia,40,(293) 5538916,112.8,114.36,11/04/2013
526109,Peterus Tall,Lille,France,59,(236) 5644675,132.9,109.1,25/07/2017
382282,Janette Mustin,Póvoa,Portugal,21,(432) 1322200,54.5,1794.11,08/07/2016
765589,Arni Stollberg,Vol’no-Nadezhdinskoye,Russia,25,(537) 5512923,142.7,300.59,20/09/2016
332251,Colman Findlater,Chişinău,Moldova,37,(896) 3332698,83.4,1860.19,13/07/2014
573471,Filmer Brislen,Pélla,Greece,34,(908) 4343099,112.5,1396.91,24/06/2003
633732,Booth Coniff,Jabłonica Polska,Poland,64,(276) 4810253,50.9,332.19,05/09/2017
429210,Egor Clink,Belovo,Russia,51,(410) 2748104,97.5,1507.84,05/04/2013
923894,Sax Dunsmuir,Bilhó,Portugal,34,(180) 1570129,59.4,1197.18,06/12/2015
612271,Guglielmo Ubsdell,Churovichi,Russia,59,(115) 4441623,131.5,426.98,10/11/2010
804277,Pepi Earwicker,Horad Smalyavichy,Belarus,18,(378) 4486892,64.3,105.97,01/03/2015
