id,Ime,Kraj,Drzava,Starost,Telefon,datum_vloge
056344,Moselle Ludlam,Uherské Hradiště,Czech Republic,56,(529) 4176706,25/01/2008
454900,Stevana Boij,Maromitsa,Russia,65,(890) 9234723,04/03/2001
733182,Caril Rosindill,Jelcz,Poland,63,(679) 2192769,14/04/2007
329923,Thatcher Starmont,Medzhibozh,Ukraine,32,(172) 5742985,19/12/2003
441210,Morley Wolver,Yevpatoriya,Ukraine,74,(509) 7283143,10/12/2009
787403,Demetre Mustin,Géfyra,Greece,100,(816) 5325147,19/10/2003
118610,Siana O' Byrne,Kochani,Macedonia,91,(550) 5950723,24/09/2013
638659,Teddy Petit,Brie-Comte-Robert,France,96,(719) 5014288,16/05/2005
000132,Rozanne Batchley,Batanovtsi,Bulgaria,90,(225) 7625274,17/03/2006
874793,Vere Colliss,Saraktash,Russia,79,(732) 3708251,29/11/2003
680289,Friederike Cuschieri,Drenova,Croatia,39,(181) 9466543,07/08/2005
759839,Klarika Pomphrey,Gyumri,Armenia,83,(751) 5180552,29/05/2012
807546,Geordie Longworthy,Staraya Kupavna,Russia,47,(503) 5450758,03/06/2013
094970,Jaquenetta Mustoe,Humpolec,Czech Republic,62,(588) 1291151,19/12/2016
746615,Kathye Pollastrino,Černošín,Czech Republic,16,(240) 4844490,28/04/2006
876984,Ariella Trevarthen,Saransk,Russia,79,(328) 9212365,21/10/2007
281104,Mitchel Prendergrass,Nice,France,67,(984) 7738685,25/11/2014
921793,Carleton Greatorex,Bogorodskoye,Russia,73,(872) 9597720,06/12/2015
126335,Carly Caseley,Serra da Silveira,Portugal,69,(372) 7782039,04/01/2010
536440,Gothart Shearston,Repušnica,Croatia,49,(133) 7317976,12/10/2009
713328,Louisa MacNelly,Roissy Charles-de-Gaulle,France,11,(946) 9388362,08/08/2010
184323,Vassily Laverty,Volot,Russia,89,(765) 1142128,04/12/2000
854184,Meg Abbyss,Melíssia,Greece,24,(201) 3101103,07/06/2017
338106,Claudell Hurles,Gandra,Portugal,65,(154) 2308915,06/08/2006
796593,Cybill Goldstone,Uppsala,Sweden,61,(501) 5951630,12/07/2005
949671,Grannie Leates,Bistrica ob Sotli,Slovenia,92,(119) 4320714,06/11/2007
270295,Lil Mourton,Umeå,Sweden,99,(240) 9902938,13/04/2013
434149,Mylo Emanson,Comrat,Moldova,39,(725) 1900630,01/03/2001
636402,Garth Schooling,Zolotyy Potik,Ukraine,97,(200) 6734143,06/12/2006
863898,Franklyn Perigo,Smyków,Poland,5,(404) 5945436,18/02/2002
981024,Selby Wearden,Rokytne,Ukraine,65,(102) 7054239,08/07/2010
442244,Aidan Kettleson,Banatska Topola,Serbia,90,(485) 9284570,14/12/2018
229107,Paten Peschmann,Miastków Kościelny,Poland,24,(132) 4690661,24/09/2004
239908,Rosanne Lyver,Järfälla,Sweden,7,(744) 1474140,12/03/2013
112463,Raymund Griffith,Strizhi,Russia,81,(863) 8221990,03/12/2012
277220,Gradey Dumberell,Palaiochóri,Greece,57,(496) 7042103,26/06/2016
109469,Leonid Allner,Hrvatini,Slovenia,88,(834) 9114239,22/05/2014
738683,Goldie Foulcher,Dvin,Armenia,44,(179) 6516829,30/10/2003
987794,Jareb Glanert,Épinal,France,66,(372) 4022712,05/07/2018
684142,Brana Leere,Vršac,Serbia,39,(871) 4665766,29/11/2006
408084,Goran Bahlmann,Kaskinen,Finland,61,(121) 5729279,08/07/2015
739857,Elberta Groome,Angeghakot’,Armenia,87,(444) 9617318,21/06/2017
361161,Tish Lewsley,Starcevica,Bosnia and Herzegovina,14,(473) 2947124,11/10/2009
615650,Willie Kelk,Czerwonak,Poland,9,(144) 5557168,31/08/2016
664961,Arlinda Hoggetts,Bourg-en-Bresse,France,69,(435) 3973323,25/12/2003
457392,Jania Quantrill,Stockholm,Sweden,95,(540) 8107469,23/08/2003
819397,Chickie Hefforde,Srostki,Russia,10,(734) 9202931,02/12/2011
119126,Agosto Edgeson,Seleuš,Serbia,84,(817) 1151943,08/10/2009
416528,Bettina Norkutt,Budziszewice,Poland,39,(679) 6980021,07/02/2011
921426,Adiana Acory,Serzedo,Portugal,18,(997) 3579514,07/12/2000
548715,Amara Saby,Oslo,Norway,55,(807) 2385356,17/04/2001
797892,Torrie Rosevear,Palana,Russia,3,(421) 9769878,14/07/2006
417130,Paloma Berrygun,Lýkeio,Greece,94,(436) 9040261,24/04/2011
644819,Penny Klausewitz,Montalegre,Portugal,76,(922) 4107732,25/02/2013
662784,Hollyanne Vogeller,Roshal’,Russia,74,(761) 3543675,11/11/2018
030225,Pauletta Torald,Corvite,Portugal,64,(291) 7728869,31/03/2015
653809,Shell MacConneely,Oni,Georgia,9,(104) 1212129,30/05/2015
700636,Ange Beeres,Cesvaine,Latvia,38,(857) 5339861,11/12/2008
955235,Mitchael Grills,Nidri,Greece,44,(593) 5451412,19/05/2005
758605,Amelina Pilipets,Staré Město,Czech Republic,60,(766) 4876278,07/02/2003
438981,Harbert Scoone,Nuradilovo,Russia,56,(480) 1139105,03/10/2003
926600,Tiff Burcher,Ängelholm,Sweden,67,(365) 9960053,29/01/2018
327104,Max Marion,Mingelchaur,Azerbaijan,22,(835) 5408394,18/03/2018
830804,Imelda Gorvette,Postupice,Czech Republic,33,(723) 9251638,22/05/2018
016532,Welby Storm,Energodar,Ukraine,28,(107) 9756311,27/06/2015
003930,Nevins Cockshot,Fryazino,Russia,78,(917) 9705357,31/12/2007
511494,Reynolds Paling,Štoky,Czech Republic,74,(928) 3150755,31/12/2003
559300,Morgana Drought,Krasnyy Oktyabr’,Russia,85,(218) 8342419,30/01/2017
156945,Bert Yoakley,Qırmızı Samux,Azerbaijan,71,(599) 2600061,23/09/2003
174497,Hedda Benardette,Údlice,Czech Republic,9,(745) 8360929,05/07/2015
150895,Debra Borsnall,Tršić,Serbia,47,(190) 5914522,19/11/2016
872642,Kin Biagini,Bykivka,Ukraine,99,(646) 7665386,21/03/2019
612483,Cecilius Leary,Veiros,Portugal,100,(250) 8189721,12/08/2016
497999,Estell Taplow,Khuzhir,Russia,62,(310) 6909911,11/05/2007
844559,Lindon Boatwright,Forshaga,Sweden,97,(805) 3678841,30/05/2015
029366,Morganica Sheepy,Chishmy,Russia,65,(662) 3054033,03/05/2016
490345,Honor Brandsen,Covas da Raposa,Portugal,47,(819) 9535667,01/02/2009
369854,Courtney Dewsnap,Mrzezino,Poland,59,(290) 3675038,21/08/2013
512595,Ingunna Cerro,Roma,Italy,85,(482) 7137289,10/10/2012
987670,Paige Danahar,Madrid,Spain,51,(227) 7347688,06/07/2017
975854,Albertine Tacker,Fornos de Algodres,Portugal,30,(334) 8721890,12/06/2014
213681,Carmine Landis,Horní Suchá,Czech Republic,58,(207) 3078719,24/11/2011
329369,Alissa Parcall,Kaavi,Finland,86,(626) 2409972,17/09/2017
606110,Darius Bussy,Kamensk-Shakhtinskiy,Russia,2,(385) 1719234,12/04/2017
937292,Darb Shelliday,Marićka,Bosnia and Herzegovina,94,(377) 9030752,04/08/2011
989004,Filide Strongitharm,Hankasalmi,Finland,24,(698) 8605302,22/02/2001
612919,Gabi Dominguez,Gielniów,Poland,5,(166) 3175587,21/12/2002
566456,Peder Giottini,Saint-Quentin-Fallavier,France,61,(911) 3828157,26/07/2007
789670,Katharine Lumber,Shorapani,Georgia,26,(523) 1054193,11/12/2009
747178,Huberto Hunnaball,Mílos,Greece,4,(602) 7649537,16/06/2006
469190,Barri Batchelor,Pavlovskaya,Russia,87,(875) 3979971,04/05/2004
910547,Melly Bower,Kamensk-Ural’skiy,Russia,69,(658) 8921396,26/08/2012
801051,Boyd Ege,Düsseldorf,Germany,11,(975) 8299963,10/08/2005
578254,Nancie Flisher,Otradnyy,Russia,78,(754) 3499093,01/03/2015
028910,Erhard Wayt,Pŭrvomaytsi,Bulgaria,34,(532) 5398181,17/12/2015
002040,Latrena Jehan,Pionerskiy,Russia,95,(838) 6524156,06/06/2015
827833,Evvy Danniell,Borås,Sweden,23,(764) 8155122,17/03/2001
255587,Gabriello De Paepe,Vale Maceiras,Portugal,23,(705) 6140212,27/10/2007
718270,Guinevere Shemming,Ágios Efstrátios,Greece,70,(459) 9368454,25/10/2018
023330,Yetty Moralis,Kharagauli,Georgia,90,(553) 3998791,20/11/2010
010602,Ron Sheepy,Aulnay-sous-Bois,France,18,(195) 9484334,07/06/2014
182349,Delmor Valentin,Solna,Sweden,1,(876) 7502487,01/03/2010
630140,Rosalie Light,Lappajärvi,Finland,31,(824) 6489557,30/10/2013
879951,Dee dee MacCourt,Voskopojë,Albania,30,(589) 2991581,28/01/2002
229717,Erica Shurmer,Sampaio,Portugal,2,(856) 1021845,10/11/2015
589846,Gordie Huxster,Sandymount,Ireland,1,(726) 6162256,05/05/2018
341181,Brenda Dyerson,Isheyevka,Russia,88,(454) 1942557,22/11/2017
854253,Quentin Mintram,Ayía Triás,Greece,86,(565) 4877751,08/07/2017
340835,Francisca Skeel,Albacete,Spain,45,(408) 7602640,07/08/2011
456546,Jeremias Kennagh,Karlstad,Sweden,60,(684) 5728745,08/03/2015
687688,Carlin Skirvane,Pervomays’k,Ukraine,3,(997) 7959497,21/10/2000
230498,Renelle Tearle,Tukums,Latvia,99,(280) 6302468,11/04/2014
698435,Lesli Bertomier,Paris 17,France,31,(824) 6684956,30/04/2018
131885,Chandler Lonsbrough,Verkh-Usugli,Russia,31,(288) 6460086,23/12/2005
480277,Constantine Dominichetti,Arras,France,28,(890) 4848030,29/08/2015
008115,Jeromy Ubsdell,Pedreira,Portugal,2,(607) 9134309,19/12/2010
938661,Jephthah Liebrecht,Rokitno,Poland,41,(292) 2321689,10/11/2009
960457,Tawnya Laird,Koukkuniemi,Finland,14,(738) 8902196,01/09/2013
025129,Cloe Pren,Novaya Usman’,Russia,33,(314) 1391843,26/09/2003
390379,Thaddeus Bilsland,Ancona,Italy,73,(825) 9754010,09/04/2014
396535,Willabella Facchini,Närpes,Finland,72,(649) 1977115,09/08/2004
552568,Mag Fillimore,Stapleford,United Kingdom,68,(445) 5909476,25/11/2005
467121,Abbott Wormell,Kąty Wrocławskie,Poland,51,(953) 3771213,10/07/2009
185951,Saraann Frede,Fafe,Portugal,86,(846) 6307655,04/10/2003
396285,Pierrette Fairlaw,Nowy Sącz,Poland,26,(858) 6783999,02/07/2012
474082,Carol-jean Begg,Mikulintsy,Ukraine,12,(473) 9050217,18/02/2004
424152,Ilise Mullinger,Levallois-Perret,France,85,(905) 4652629,16/11/2008
569017,Jim Kershaw,Paris 07,France,53,(740) 6862872,11/09/2015
416311,Tansy Blaschek,Géfyra,Greece,3,(325) 8619476,13/12/2008
634476,Kaycee Sushams,Preko,Croatia,79,(775) 4833508,29/05/2006
328240,Desirae Stitcher,Lozova,Ukraine,27,(363) 8226215,27/09/2008
177517,Auguste Grinnov,Podhum,Croatia,70,(381) 3391739,03/05/2006
159616,Rouvin Durran,Borås,Sweden,65,(960) 2739771,05/03/2015
592649,Franklin Hugett,Skarżysko-Kamienna,Poland,92,(830) 8000868,07/05/2006
740094,Tonie Johanssen,Subottsi,Ukraine,51,(882) 2220232,12/03/2008
309158,Mead Jacobovitch,Fordon,Poland,44,(401) 3643052,09/11/2018
823899,Fielding Greenshields,Oleksandrivka,Ukraine,71,(484) 4297548,15/11/2009
080093,Fulvia Stoodley,Mosal’sk,Russia,16,(400) 2006621,21/10/2003
419063,Jamey Hoofe,Imeni Tsyurupy,Russia,44,(168) 1286679,28/05/2016
424990,Kirstyn Shopcott,Lyuban’,Russia,88,(750) 3974002,03/01/2011
965963,Prent Whitehurst,Carvalho,Portugal,72,(412) 5664794,08/11/2012
384411,Abra Errowe,Keratéa,Greece,86,(418) 6883671,23/09/2002
135691,Sheeree Hollindale,Vsevolozhsk,Russia,84,(279) 8892981,03/03/2015
961570,Otes Dunstone,Borlänge,Sweden,29,(946) 8495742,03/03/2008
250092,Barbe Thursfield,Kotel’va,Ukraine,45,(496) 8253499,17/04/2009
515818,Donnie Liff,Ochakiv,Ukraine,66,(281) 4620232,07/12/2015
042188,Giustino Mc Elory,Old Kilcullen,Ireland,69,(478) 5865623,20/05/2015
279802,Brit Treagus,Shebekino,Russia,71,(483) 1184170,02/05/2006
096664,Daloris Olanda,Kauhava,Finland,5,(985) 2457149,26/12/2012
376925,Ellen Kybert,Zlynka,Ukraine,36,(603) 6392746,07/09/2011
813795,Rollins Van Hove,Paris 07,France,44,(981) 8059654,07/12/2014
414405,Stavro Eliot,Staré Křečany,Czech Republic,100,(924) 5849981,08/06/2008
882683,Perle Stothard,Khoronk’,Armenia,59,(786) 6711438,17/06/2011
158941,Silvain Gristock,Míthymna,Greece,80,(601) 8864261,02/01/2008
716630,Aldin Partington,Bremerhaven,Germany,84,(355) 7961580,20/01/2011
294725,Noby Skippon,Mahdalynivka,Ukraine,92,(928) 5959891,16/02/2007
342231,Pryce Rolf,Ljungskile,Sweden,25,(441) 5712100,13/11/2004
998030,Liz Gaenor,Norrköping,Sweden,30,(461) 6574324,10/02/2014
758748,Jourdan Vondrak,Boyany,Ukraine,80,(899) 5695746,12/09/2009
409721,Coleman Rickeard,Rychnov nad Kněžnou,Czech Republic,21,(852) 9490655,27/01/2015
892607,Dania Cunniffe,Stockholm,Sweden,74,(182) 4994809,20/12/2000
207380,Terrill Rush,Viļaka,Latvia,55,(996) 2824117,24/05/2003
915306,Kerry Pittet,Lanchyn,Ukraine,79,(964) 6058337,13/06/2000
899682,Raul Aasaf,Krivyanskaya,Russia,9,(416) 4988622,22/04/2014
497743,Blayne Mitrovic,Agdzhabedy,Azerbaijan,21,(543) 1561175,10/07/2007
476236,Brita Muckleston,Paris 14,France,15,(700) 6206996,04/09/2011
742517,Emmery Ratie,Lékhaio,Greece,81,(498) 4133584,03/08/2007
610526,Raina Kingscott,Póvoa,Portugal,11,(560) 6036991,17/11/2004
110868,Alanson Surmeir,Uyskoye,Russia,98,(834) 9974209,07/09/2000
098521,Eldridge Fischer,Voznesenskoye,Russia,34,(920) 7254423,09/10/2015
936425,Durant Barnwill,Vistino,Russia,32,(621) 9213883,12/11/2004
228374,Agnola Strotton,Viesīte,Latvia,69,(895) 2920611,17/01/2017
627643,Ilyse Inworth,Novobiryusinskiy,Russia,45,(760) 9811538,12/10/2011
735291,Aldis Brindle,Krousón,Greece,88,(620) 7030174,27/01/2012
875013,Conn Grevile,Reisdorf,Luxembourg,10,(208) 5710478,09/09/2002
933614,Irvine Buttner,Łubowo,Poland,7,(982) 9468059,24/07/2002
915347,Homer Sollitt,Ussuriysk,Russia,86,(832) 5640250,11/09/2003
962769,Douglas Kilfether,Konče,Macedonia,86,(281) 8609494,09/10/2009
501057,Torrie Cardozo,Amieira,Portugal,94,(619) 6977330,16/03/2006
575441,Silvie Florey,Portariá,Greece,34,(560) 9506336,20/09/2001
240753,Nickie Villar,Sarilhos Grandes,Portugal,71,(514) 6899781,01/03/2004
376455,Carr Binny,Żelistrzewo,Poland,36,(292) 5197921,29/10/2003
275189,Ellie Leyton,Sharan,Russia,79,(763) 3718828,21/07/2018
782521,Meredith Huggin,Reni,Ukraine,19,(155) 2234909,29/11/2008
899610,Ericka Kears,Emmaboda,Sweden,59,(388) 1637202,07/10/2016
749106,Morie Downage,Arrën,Albania,48,(865) 5471180,26/05/2012
116869,Dwayne Lant,Likhoy,Russia,39,(248) 5332558,27/05/2004
320914,Tomas Marney,Bogandinskiy,Russia,80,(351) 8831042,19/07/2008
254945,Galven Klosges,Libofshë,Albania,12,(386) 4552255,06/08/2011
695847,Shirleen Villiers,Czchów,Poland,1,(367) 6539426,04/02/2001
695084,Olivia Mellmoth,Castlemartyr,Ireland,17,(577) 6849962,03/08/2015
598487,Aila Minot,Pietà,Malta,5,(147) 6689270,10/05/2019
115493,See Arkle,Uppsala,Sweden,71,(804) 4083887,14/11/2005
143664,Davon Etter,Lazarevskoye,Russia,81,(506) 8838542,01/09/2018
820222,Chet Vearnals,Rokycany,Czech Republic,88,(307) 1588332,25/12/2016
481855,Louise Whittleton,Roshnik,Albania,2,(171) 8755072,18/05/2011
717868,Morganica Semered,Jirny,Czech Republic,39,(669) 8754047,24/08/2001
399760,Cyndie Firpo,Khorinsk,Russia,58,(850) 4629473,22/04/2019
935952,Easter Dykas,Calçada,Portugal,15,(560) 3520095,06/09/2011
880090,Giulia Swindle,Pousada,Portugal,91,(611) 3849073,14/06/2015
025600,Barbaraanne Minister,Samothráki,Greece,30,(473) 6190632,10/07/2005
401585,Jefferey Rivaland,Orvault,France,14,(578) 1858714,23/03/2007
201900,Pansie Yewdell,Osnabrück,Germany,52,(645) 9274850,15/02/2011
637720,Lesley Stroband,Toba,Serbia,47,(789) 8474306,22/01/2016
649588,Pandora Benza,Dagestanskiye Ogni,Russia,58,(867) 7472988,21/02/2006
985199,Toby Widdup,Askeaton,Ireland,88,(829) 2388949,01/02/2002
356565,Ethelin Denekamp,Trollhättan,Sweden,89,(183) 2237654,07/01/2012
847304,Chick Glantz,Saint-Rémy-de-Provence,France,34,(753) 2438486,16/05/2011
143079,Xylia Lathan,Чучер - Сандево,Macedonia,65,(415) 1910868,20/07/2010
209086,Anny Tomlett,Vasil’yevskiy Mokh,Russia,13,(873) 9834128,27/08/2005
445224,Ceciley Keough,Suzdal’,Russia,91,(498) 8399770,07/01/2014
481631,Rosa Lisle,Angers,France,62,(260) 5418768,30/04/2001
018456,Stirling Tindley,Kolomak,Ukraine,91,(632) 1260554,10/04/2010
075618,Dulcy Issacson,Virginia,Ireland,17,(945) 8064951,02/01/2002
869589,Mart Odgaard,Zaplavnoye,Russia,39,(699) 1315294,26/07/2003
945187,Husein McGhie,Campos,Portugal,54,(282) 9316644,01/11/2010
346910,Conny Fenne,Yerazgavors,Armenia,59,(956) 7747991,01/01/2017
382885,Deidre Mokes,Ínfias,Portugal,1,(500) 5328043,20/10/2013
494264,Mikel Garrattley,Shalinskoye,Russia,53,(681) 7559357,10/04/2003
046817,Lambert Ragborne,Budapest,Hungary,78,(724) 4419718,17/02/2019
609097,Dianna Chaffe,Ostrówek,Poland,88,(838) 4553875,08/06/2005
266711,Ber Torregiani,Glazov,Russia,7,(799) 8494834,02/08/2018
233898,Devland Alphege,Rzewnie,Poland,41,(123) 4095403,01/02/2012
642813,Cleve Fairney,Fojo,Portugal,99,(305) 3258525,13/11/2000
331750,Kerk Redwin,Loshnitsa,Belarus,41,(920) 6149229,13/04/2011
301597,Rose Fones,Ribafria,Portugal,28,(602) 3626905,30/12/2003
042888,Ernaline Stallworth,Sulbiny Górne,Poland,62,(884) 1577948,02/09/2014
972200,Des Shrubb,Voyinka,Ukraine,77,(484) 7952183,13/11/2012
282173,Myca Leed,Frankfurt am Main,Germany,30,(848) 3823734,08/06/2014
590368,Algernon Boggers,Zhatay,Russia,8,(315) 4193318,08/06/2013
808329,Maurene Newcomb,Mazyr,Belarus,57,(734) 6413636,19/08/2007
957824,Giovanna Joncic,København,Denmark,88,(457) 9837656,23/05/2007
507378,Madelaine Skarin,Kudymkar,Russia,74,(723) 4199402,14/07/2002
838285,Gleda Sneddon,Middelburg,Netherlands,18,(802) 6464656,11/06/2008
781936,Vita Lamond,Zhovti Vody,Ukraine,28,(767) 4305675,27/10/2013
910756,Liva Slad,Torre do Pinhão,Portugal,51,(156) 4826764,04/10/2004
434054,Ami Hammonds,Ostrowsko,Poland,81,(414) 3450003,29/07/2009
335840,Deva Guilleton,Mieszkowice,Poland,55,(888) 8290679,05/12/2008
738553,Allissa Schottli,La Talaudière,France,18,(949) 2121495,09/07/2002
243686,Guglielma Ellinor,Václavovice,Czech Republic,79,(455) 3204778,24/12/2000
945959,Vivie McMurty,Göteborg,Sweden,33,(850) 4778852,18/05/2010
890472,Lawry Wigan,Lage,Portugal,91,(676) 9524718,05/05/2008
713613,Sasha Gilbank,Dzvinogrud,Ukraine,12,(181) 4360729,19/02/2005
045678,Tucky Sutter,Dubrovka,Russia,45,(179) 8843526,15/06/2003
814745,Parry Ritchley,Vila Nova,Portugal,2,(548) 7719197,27/12/2008
805781,Kenn Vaulkhard,Hacıqabul,Azerbaijan,21,(381) 4080727,15/10/2017
280308,Cynde Pettiford,Osiek,Poland,37,(535) 4062447,06/11/2012
688887,Gay Cornthwaite,Costa de Rios Frios,Portugal,18,(356) 7366417,08/12/2006
432684,Otes Potteridge,Sysert’,Russia,47,(488) 2955172,07/06/2005
260400,Pamela Farnon,Żyraków,Poland,73,(960) 3470604,17/07/2014
576022,Helenelizabeth Jennens,Aix-en-Provence,France,56,(881) 6432673,11/10/2006
149035,Edithe Langworthy,Nýdek,Czech Republic,10,(695) 7483603,19/07/2016
486691,Hollyanne Churly,Pszczew,Poland,19,(561) 7762946,22/09/2015
066829,Ximenes Ronnay,Ballymun,Ireland,73,(314) 2969586,18/04/2013
301501,Huntlee Krolak,Bergen,Norway,23,(773) 9792961,04/08/2006
517532,Bendicty Waryk,Gudermes,Russia,91,(274) 1876156,05/05/2010
486735,Virgina Pulsford,Rogóźno,Poland,78,(852) 6438522,19/06/2013
574647,Shoshanna Burgett,Luleå,Sweden,71,(298) 7984818,23/11/2007
822021,Erl Esbrook,Náchod,Czech Republic,84,(854) 4039725,31/08/2000
348187,Tierney Orbell,Karpinsk,Russia,57,(625) 4061535,12/08/2009
005818,Fredia Harnes,Oslo,Norway,89,(263) 5333259,04/06/2006
482766,Tomas Wooster,Reinaldes,Portugal,67,(117) 3508544,23/04/2010
933950,Casie Critoph,Domont,France,31,(357) 9286318,18/10/2007
820342,Tye Flannery,Velika Kladuša,Bosnia and Herzegovina,94,(320) 5830247,22/11/2002
362520,Tomlin Poat,Nikolayevsk,Russia,55,(695) 7098314,24/08/2011
535348,Jerad Gosby,Chilly-Mazarin,France,52,(498) 7384923,03/03/2008
478518,Daron Graham,Manosque,France,46,(531) 1181282,11/04/2005
084065,Broderick Molohan,Cisownica,Poland,7,(451) 2497118,25/12/2011
397865,Gabbi Exley,Všetaty,Czech Republic,37,(438) 4714264,09/07/2006
814320,Patrizio Parish,Bogovarovo,Russia,8,(580) 2298293,20/02/2013
407490,Wye Bednell,Golina,Poland,13,(661) 3228925,17/11/2018
588224,Eyde Ansell,Karpinsk,Russia,48,(476) 1511806,27/11/2015
639674,Wilden Kale,Mala Danylivka,Ukraine,85,(354) 9298569,07/06/2003
254148,Suzette Smissen,Áno Kalentíni,Greece,40,(500) 6052103,13/09/2013
571864,Britt Moyler,Skinnskatteberg,Sweden,15,(173) 1311280,23/02/2011
483081,Lief Drane,Tsaghveri,Georgia,13,(772) 1905358,11/04/2005
883347,Debby Pregal,Khatanga,Russia,75,(338) 5579331,18/10/2016
389971,Verna Chilver,Olszówka,Poland,47,(534) 6011741,19/09/2006
228519,Gwendolin McGray,Gjinoc,Kosovo,15,(242) 9907859,11/12/2018
499565,Orlan Krier,Penha Longa,Portugal,70,(885) 4860627,01/10/2006
216752,Janene Hewell,Petrivka,Ukraine,25,(634) 6558276,03/07/2002
960798,Fairlie Linnane,Těšetice,Czech Republic,96,(751) 1001489,28/05/2011
604267,Alaster Volkers,Rumyantsevo,Russia,30,(978) 4720227,29/04/2006
336665,Granny Ilden,Svetlanovskiy,Russia,65,(641) 5004929,18/07/2004
883774,Terencio Cattel,Petrovskaya,Russia,83,(743) 3180593,11/04/2003
280830,Nichole Gumbley,Vyatskiye Polyany,Russia,87,(979) 1649054,05/07/2012
113964,Othilia McCloch,Oslo,Norway,17,(378) 6735706,28/12/2000
213380,Wally Molloy,Urrô,Portugal,21,(514) 4873230,25/08/2011
240972,Ashlan Oxx,Farinheiras,Portugal,48,(765) 5815621,14/08/2004
961270,Roberto Pilch,Castainço,Portugal,77,(323) 3030094,26/07/2018
041203,Colver Danihel,Mikulášovice,Czech Republic,77,(442) 6120232,02/12/2018
097394,Grange Sisse,Vitoria-Gasteiz,Spain,32,(495) 7486580,05/11/2012
451755,Francisca Myton,Berlin,Germany,72,(811) 3499691,10/06/2004
495416,Penelope Courtney,Baião,Portugal,30,(813) 7470511,13/02/2015
101103,Giulietta Conford,Urus-Martan,Russia,7,(295) 2359016,21/02/2007
670029,Justis Petrik,Monsanto,Portugal,100,(113) 9374027,11/02/2011
463217,Anissa Dyerson,Hostěradice,Czech Republic,57,(609) 4164871,03/10/2013
426319,Bax Arrigucci,Dobryanka,Ukraine,56,(614) 2336737,13/06/2017
699116,Sandi Brader,Bojszowy Nowe,Poland,45,(440) 5104962,13/04/2008
092896,Frasquito Lindborg,Horní Jelení,Czech Republic,70,(352) 9198772,29/11/2001
609614,Dame Muschette,Nauchnyy Gorodok,Russia,91,(119) 4855888,13/04/2013
043035,Ringo Flippelli,Dzięgielów,Poland,87,(981) 2481075,29/12/2008
153388,Addie Whates,Bechyně,Czech Republic,92,(456) 3039411,19/11/2007
643206,Tybi Nickell,Kanturk,Ireland,11,(391) 3417698,06/03/2006
471883,Ilsa Soulsby,Les Clayes-sous-Bois,France,42,(799) 7889821,08/05/2005
870870,Willa D'Angeli,Pshada,Russia,1,(835) 4907431,01/11/2002
365907,Kacy L'Hommeau,Mosteiros,Portugal,21,(466) 7492209,16/02/2003
315149,Chrystal Guppy,Niedrzwica Duża,Poland,60,(612) 2269847,07/02/2007
613393,Esra Cowie,Privodino,Russia,5,(666) 8908970,09/09/2007
508975,Shea Matthews,Červené Pečky,Czech Republic,63,(813) 6652491,07/12/2017
429199,Jannelle Pfiffer,Alminhas,Portugal,87,(750) 2843176,21/01/2007
801755,Grantley Bartholat,Kozmice,Czech Republic,22,(734) 4516700,11/04/2018
339513,Levey Gunstone,Sali,Croatia,97,(256) 1906723,29/06/2009
001577,Engracia Jaukovic,Troitskiy,Russia,65,(895) 6982068,01/05/2019
987962,Claudelle Hamblington,Seaton,United Kingdom,53,(597) 7908290,17/06/2012
013909,Avrit Alexandrou,Åmål,Sweden,5,(727) 3507033,28/05/2013
203072,Ario Proom,Tanumshede,Sweden,30,(968) 8525551,19/08/2012
874309,Stefan Wheatley,Castellon De La Plana/Castello De La Pla,Spain,62,(375) 3572298,22/06/2012
077932,Xenos McMonies,Sölvesborg,Sweden,74,(302) 4047675,17/12/2013
990489,Gilberto Bick,Tulyushka,Russia,79,(729) 2121080,26/12/2018
465323,Torrey Kitto,Novoshakhtinsk,Russia,42,(477) 8577649,19/03/2007
365936,Mickey Waddam,Severo-Zadonsk,Russia,20,(498) 4501124,27/08/2016
039436,Neila Wimbush,Vale de Rolas,Portugal,3,(563) 4556218,06/11/2018
265768,Lee Parke,Gierałtowice,Poland,10,(739) 5044885,24/12/2001
109793,Renaldo MacKall,Urkarakh,Russia,31,(537) 8316355,16/07/2017
147402,Cyndie Prahl,Pavlovka,Russia,85,(620) 5365933,27/03/2017
023044,Gerti Waind,Umag,Croatia,4,(955) 2904434,08/08/2001
806977,Teriann Gourley,Toulouse,France,3,(161) 7082630,05/09/2018
714031,Adelbert Taye,Mértola,Portugal,88,(337) 9336067,28/03/2003
795163,Gunilla Buntine,Olonets,Russia,7,(994) 2541090,29/03/2002
450028,Guss McCuaig,Rogowo,Poland,24,(509) 4189086,23/08/2011
200502,Cheston Riolfi,Kęsowo,Poland,60,(572) 2857676,21/02/2018
176029,Grete Kopfen,Bąków,Poland,8,(695) 6989811,25/05/2004
526162,Sallie Heasley,Wręczyca Wielka,Poland,74,(909) 8272091,26/11/2005
661889,Neda McKintosh,Grabów,Poland,48,(646) 3065821,25/10/2011
594652,Vail Sabater,Czerwonak,Poland,88,(342) 7628436,31/05/2007
229996,Ryun Primo,Rennes,France,90,(197) 9085408,26/03/2015
110761,Carlina Feron,Hobscheid,Luxembourg,72,(545) 9652610,16/03/2015
409421,Donnie Bruinsma,Nowosielce,Poland,38,(215) 3006515,15/07/2016
263636,Moira Teideman,Puksoozero,Russia,71,(266) 6684215,15/10/2017
819682,Allyce Loughnan,Szeged,Hungary,52,(273) 6141596,06/01/2012
541489,Nariko Penright,Tuymazy,Russia,81,(410) 2470739,02/04/2016
484467,Dillie Vaggs,Söderköping,Sweden,27,(674) 8057787,02/08/2014
802327,Ewan Thieme,Brataj,Albania,20,(823) 8539264,04/08/2003
336516,Jaymie Rymer,Subottsi,Ukraine,97,(295) 2411092,09/08/2003
917985,Faina Bohey,Novorozhdestvenskaya,Russia,78,(484) 9759641,02/10/2002
820595,Piggy Lawlie,Lanjaghbyur,Armenia,98,(146) 7100121,25/03/2016
633260,Erin de Banke,Bourg-lès-Valence,France,2,(820) 5936903,14/03/2018
584948,Findley Able,Czarnocin,Poland,52,(791) 1545861,19/03/2012
470788,Kerstin Paybody,Frei,Norway,50,(433) 6074862,10/02/2011
562669,Magnum Kellen,'s-Hertogenbosch,Netherlands,60,(187) 9612521,31/10/2017
938030,Keith Audiss,Carapelhos,Portugal,14,(126) 1650402,30/11/2003
464808,Susana Strutton,Gvozd,Croatia,65,(263) 3412199,03/09/2004
820465,Rory Wallege,Krasnyy Lyman,Ukraine,75,(625) 9561750,21/12/2000
518145,Rod Lightbody,Sollefteå,Sweden,48,(143) 8166990,19/01/2013
706766,Anton Rushbury,Tula,Russia,100,(852) 8532148,21/05/2003
297756,Katleen Wooddisse,Marseille,France,36,(193) 5695795,29/09/2009
007685,Donielle Cawcutt,Novosel’ye,Belarus,1,(438) 3668503,19/01/2013
736148,Ephrayim Semrad,Leśna Podlaska,Poland,50,(543) 6502939,23/02/2016
085415,Marsh Polycote,Pridonskoy,Russia,70,(649) 2928928,02/11/2011
842694,Horton Briatt,Kiritsy,Russia,9,(688) 4839807,26/07/2002
308802,Ewart Crangle,Megion,Russia,47,(375) 3886138,31/07/2011
670139,Axe Scammonden,Strohonivka,Ukraine,12,(818) 1691676,17/04/2015
170501,Mendel Rutherforth,Examília,Greece,40,(753) 8914069,16/01/2014
628538,Ailbert Sunter,Novo,Portugal,87,(416) 5440806,29/09/2015
821666,Ike Chasen,Przytyk,Poland,61,(818) 8303444,16/02/2011
308723,Janaye Prise,Milano,Italy,97,(901) 1488260,23/02/2010
249060,Riordan Lumox,Wołczyn,Poland,9,(877) 7843087,03/09/2000
424944,Odella Wheelhouse,Dowsk,Belarus,28,(643) 2964875,20/01/2017
580213,Kass Eversley,Liverpool,United Kingdom,58,(985) 6579546,01/06/2011
550258,Adelaide Tommaseo,Krivyanskaya,Russia,36,(759) 5816338,13/12/2007
138427,Junia Somerset,Nova Pazova,Serbia,45,(818) 9234217,11/10/2002
839792,Gabby Cliffe,Salavat,Russia,10,(931) 5861302,29/10/2011
710702,Stanford Dillamore,Loučná nad Desnou,Czech Republic,83,(215) 6314184,31/07/2011
366744,Myrlene Joss,Rožďalovice,Czech Republic,75,(315) 6217042,12/10/2001
843659,Halette Bleasdale,Mamedkala,Russia,100,(631) 1480233,22/11/2005
189093,Laney Bome,Shikhany,Russia,29,(924) 4172080,16/04/2010
054017,Chester Jenicke,Mikró Monastíri,Greece,8,(170) 3668205,06/09/2000
660326,Deeyn Bernardt,Upton,United Kingdom,59,(736) 5552976,16/04/2002
251921,Sonya Hulles,Glushkovo,Russia,6,(562) 6038013,09/06/2013
396454,Portie Farres,Mustvee,Estonia,21,(181) 6604442,07/05/2005
894165,Kirsteni Keyho,Noisy-le-Grand,France,74,(161) 9681002,23/01/2012
763982,Skip Sterke,Klichaw,Belarus,13,(619) 5021047,30/05/2007
714550,Arabelle MacRitchie,Oslo,Norway,67,(124) 1664251,19/04/2006
801722,Jacquelyn Delooze,Gislaved,Sweden,11,(738) 2679407,02/03/2003
615939,Dalton Mamwell,Krzeszów,Poland,30,(941) 7229666,23/02/2008
153141,Stella Pendlebery,Osilnica,Slovenia,87,(778) 6585601,09/09/2017
996914,Ellette Janisson,Metsovo,Greece,30,(212) 8218822,28/03/2012
125916,Caldwell Corhard,Poretskoye,Russia,72,(848) 5011745,29/01/2003
891352,Tabina Busen,Doudleby nad Orlicí,Czech Republic,61,(296) 5733412,17/03/2009
543167,Elnar Weiner,Apaga,Armenia,2,(587) 2504052,28/09/2006
672473,Amii Reynish,Lahishyn,Belarus,64,(692) 2869953,13/08/2014
983428,Ossie Himpson,Nakovo,Serbia,77,(418) 3847903,13/04/2008
703026,Sibylla Felmingham,Otwock,Poland,95,(341) 3796709,06/03/2004
899220,Nate MacKill,Herceg-Novi,Montenegro,24,(108) 5954792,12/08/2013
853089,Magdaia Culp,Örebro,Sweden,79,(572) 9705177,05/09/2007
429032,Drud Nossent,Skövde,Sweden,41,(907) 1397510,13/07/2006
083615,Amil Brydone,Žabljak,Montenegro,45,(881) 1423023,29/07/2018
141139,Sigfrid Inchan,Novoukrainskiy,Russia,43,(121) 9817580,17/11/2001
494678,Herve Langfield,Sozopol,Bulgaria,15,(412) 3800526,24/03/2012
737803,Kalila Eborall,Lerrnanist,Armenia,22,(430) 6465659,11/05/2007
156702,Lyssa Ferrucci,Novoshakhtinsk,Russia,84,(486) 5698692,06/02/2015
178433,Ted Randerson,Nakhabino,Russia,46,(858) 8321183,31/05/2000
832505,Kamillah Iannetti,Qelëz,Albania,10,(850) 4456678,30/08/2016
821925,Kariotta Bowfin,Wleń,Poland,56,(898) 4085341,24/10/2002
712105,Hillyer Houseman,Rzhavki,Russia,23,(392) 3561892,03/04/2002
343051,Edgardo Shreeves,Radvanice,Czech Republic,77,(570) 6956176,24/12/2018
804780,Jacob Stoffler,Goragorskiy,Russia,5,(797) 9632855,05/05/2014
159832,Granger Teaz,Mingelchaur,Azerbaijan,48,(277) 6562756,28/05/2016
941266,Betsy Baudoux,Łopuszno,Poland,60,(630) 4925919,19/03/2014
679605,Idalia Menichillo,Årjäng,Sweden,6,(759) 9429563,08/04/2012
956632,Ariel Blaydes,Krzemienica,Poland,58,(867) 7545626,01/06/2009
774572,Tasha Brecknock,Breia,Portugal,28,(949) 2048911,13/11/2018
727554,Essy McGowran,Sarajevo,Bosnia and Herzegovina,42,(735) 6320083,27/03/2007
313230,Gregoire Capron,Fraga,Portugal,71,(506) 8939592,25/03/2007
331850,Corbet Durek,Nieborów,Poland,26,(327) 9826605,03/01/2008
615272,Kimbell Lob,Hörby,Sweden,35,(522) 7865077,17/12/2018
489167,Ellyn Rubenczyk,Pyšely,Czech Republic,47,(639) 6006680,07/05/2010
316995,Josy Demaine,Burrel,Albania,96,(969) 1591187,31/05/2010
336048,Berne Mazzey,Krosno Odrzańskie,Poland,53,(108) 8693476,14/01/2009
500001,Easter Patman,Nevel’sk,Russia,20,(791) 6044409,17/03/2008
231638,Ellery Haskey,Filipowice,Poland,76,(872) 3327805,05/07/2017
024501,Shelli Rudledge,Medvedevo,Russia,37,(203) 8422554,25/11/2013
360607,Shelley Caveill,Santiago de Subrrifana,Portugal,40,(360) 2700898,11/03/2016
817485,Diana Guiduzzi,Diveyevo,Russia,91,(101) 5755343,25/02/2005
077675,Glen Barhims,Blagoevgrad,Bulgaria,25,(158) 7762728,26/10/2009
943567,Catha Ennor,Viškovci,Croatia,61,(254) 2359236,30/05/2003
121163,Tuckie Richichi,Salavat,Russia,85,(947) 1054569,02/12/2015
040286,Micheline Shields,Limoges,France,87,(806) 3392422,05/08/2009
770406,Faith Fautley,Tomakivka,Ukraine,45,(306) 8355640,09/07/2008
431447,Doti Gorgen,Dobryanka,Russia,84,(707) 5780873,02/07/2010
327199,Roxanne Tomkys,Laško,Slovenia,58,(784) 7222227,03/03/2011
290041,Travers Sawart,Zaliznychne,Ukraine,25,(490) 8046229,27/01/2011
559734,Casar Camm,Dachnoye,Russia,6,(797) 9080168,22/11/2004
615471,Merrill Yerlett,Lleida,Spain,50,(612) 7484533,20/07/2005
197716,Wang Tyer,Dupnitsa,Bulgaria,41,(406) 9003390,05/08/2018
483584,Erda Gerin,Examília,Greece,33,(230) 4076146,28/09/2015
585628,Benton Hellens,Burgas,Bulgaria,59,(389) 1618125,02/10/2007
768681,Nani Westfalen,Netishyn,Ukraine,39,(907) 8946671,05/03/2014
876314,Ethelda Bolderson,Nivnice,Czech Republic,97,(401) 4193144,29/09/2010
745608,Simone Gatley,Uvarovo,Russia,90,(386) 9866008,19/10/2002
350323,Rhodia Risebarer,Golina,Poland,23,(950) 2493948,06/08/2013
731606,Marge McLennan,Janowice,Poland,70,(597) 4691345,21/02/2008
094021,Gaby Spriggin,Agiásos,Greece,16,(171) 4438197,17/08/2011
194635,Arron Guess,Périgueux,France,29,(322) 7451872,31/05/2017
273160,Fletch Kennler,Kraczkowa,Poland,80,(339) 7185484,07/08/2013
929792,Wesley Crosen,Promna,Poland,48,(888) 3639434,19/01/2010
912158,Sadella Despenser,Nazaré,Portugal,34,(201) 7206510,17/11/2005
832621,Nealson Rheam,Graikochóri,Greece,12,(984) 4809094,18/12/2018
997298,Ludwig Hencke,Kristinestad,Finland,81,(206) 1099094,23/03/2016
522522,Dwayne Pym,Lucija,Slovenia,95,(952) 2106696,21/02/2011
183410,Reena Zaniolini,Lazdijai,Lithuania,3,(167) 4698887,21/03/2018
743151,Juanita Ovenden,Pregradnaya,Russia,71,(626) 4169679,28/06/2013
585533,Mariam Orriss,Cholet,France,46,(214) 6280464,28/09/2002
466401,Isidoro Switzer,Nice,France,100,(653) 2132780,10/08/2011
060163,Arley Brayshaw,Budapest,Hungary,27,(155) 3678076,03/11/2008
159440,Tessy Keast,Sampaio,Portugal,62,(825) 9656602,13/08/2003
485656,Meridith Allcoat,Villeneuve-la-Garenne,France,84,(252) 5522076,10/09/2001
914989,Marys Ouldcott,Żebbuġ,Malta,55,(763) 5696312,22/07/2006
899989,Kacy Ainsby,Suchań,Poland,63,(178) 8192880,10/05/2004
416943,Livvy Koene,Orsha,Belarus,57,(445) 2319681,02/10/2018
676419,Sari Causbey,Ziębice,Poland,92,(425) 3964256,30/07/2001
343051,Saree Melchior,Rueil-Malmaison,France,32,(528) 7118602,27/07/2003
172842,Scarface Cortese,Chãos,Portugal,83,(123) 3087580,06/11/2011
477331,Desi Vegas,Petäjävesi,Finland,63,(449) 7200053,22/03/2012
271407,Sampson Tidgewell,Seymchan,Russia,1,(791) 4090451,08/12/2009
910728,Gussie Eberst,Miskolc,Hungary,6,(202) 9242562,15/02/2013
976214,Avrit Tillerton,Chavão,Portugal,51,(218) 5625880,21/06/2012
430979,Frank Klimko,Desovo,Macedonia,19,(190) 8561977,16/08/2006
953623,Augustine Taree,Créteil,France,9,(309) 3360179,06/02/2010
409515,Artur Tankus,Örnsköldsvik,Sweden,80,(222) 5746742,02/07/2015
495482,Blancha Thumim,Rudy,Poland,90,(149) 4588115,17/06/2001
515977,Licha Valasek,Vnanje Gorice,Slovenia,26,(940) 2494555,12/03/2019
833027,Stan Ccomini,Överkalix,Sweden,64,(920) 2466742,17/09/2013
276220,Rodolfo Coneley,Husów,Poland,41,(387) 2115141,29/07/2013
993064,Ariel Duckett,Knežica,Bosnia and Herzegovina,70,(478) 8333908,27/09/2002
784585,Erna Yeaman,Le Mans,France,9,(918) 3531245,27/10/2017
687659,Andrea Minton,Poljčane,Slovenia,90,(265) 3363565,09/03/2010
122537,Anita Sutherland,Bilje,Slovenia,72,(386) 9113763,24/10/2006
823944,Anissa Chessil,Konin,Poland,5,(591) 3190586,11/05/2013
735349,Langsdon Heinish,Pokrovo-Prigorodnoye,Russia,71,(596) 7025959,20/11/2005
809581,Ingunna Swaisland,München,Germany,94,(661) 7456860,12/01/2005
059083,Claudine Tither,Kępice,Poland,77,(957) 6606611,04/04/2002
233719,Mabelle Cullingworth,Áyios Nikólaos,Greece,61,(820) 6981197,15/01/2002
148301,Christabel Weall,Rasskazovo,Russia,53,(938) 4119406,01/06/2009
987244,Dew Walshaw,Rouen,France,20,(382) 3368263,26/01/2012
338837,Karrie Tower,Żarki,Poland,3,(820) 1510431,02/03/2019
140407,Roxana McCreery,Ponte,Portugal,60,(302) 3125444,08/04/2018
722673,Nicolais Ogle,Chvalšiny,Czech Republic,13,(684) 8117028,12/09/2014
222579,Kassia Yatman,Bromma,Sweden,21,(491) 6105986,19/06/2007
705976,Gasper Saddington,Norashen,Armenia,44,(585) 8678802,07/04/2018
057069,Leticia Fulk,København,Denmark,88,(571) 8352529,12/01/2019
886761,Zacharia Gregine,Lorut,Armenia,47,(106) 2704102,10/10/2000
043583,Lisbeth Pinar,Vimmerby,Sweden,69,(989) 3552013,14/03/2008
618144,Karena Reily,Pazarić,Bosnia and Herzegovina,20,(574) 7868827,10/06/2003
988536,Darlleen Scinelli,Rodniki,Russia,7,(593) 6953475,20/05/2009
018210,Matthias Skokoe,Metz,France,93,(374) 9364070,30/03/2005
688129,Richart Haldin,Borzęta,Poland,87,(755) 5668544,03/03/2014
033791,Tiffani Seide,Johanneshov,Sweden,42,(563) 3222784,03/03/2004
264977,Nessie Deverick,Yegor’yevsk,Russia,33,(576) 7909441,03/10/2016
301899,Danielle Ripping,Gandra,Portugal,80,(478) 7501031,12/06/2017
538312,Krista Saintsbury,Maykopskoye,Russia,48,(865) 1025953,16/05/2016
586656,Harriot Lochet,Palkino,Russia,54,(806) 5959366,02/07/2009
938475,Thedrick Keates,Dolní Počernice,Czech Republic,49,(634) 5485531,09/12/2007
506215,Dale Bloxsom,Linköping,Sweden,51,(608) 4648384,03/06/2014
927219,Amara Hannen,Vorontsovka,Russia,20,(966) 9237538,12/01/2003
629048,Friederike Chitty,Blagoveshchensk,Russia,23,(462) 8575651,06/04/2009
323942,Brittany Ledwitch,Talashkino,Russia,95,(563) 8990907,24/09/2003
311238,Fredra Posselow,Troyes,France,81,(316) 6502320,25/10/2018
427588,Grayce Blodgetts,Laç,Albania,97,(204) 4765321,09/02/2004
595839,Norene Badland,Drahichyn,Belarus,34,(265) 4780220,07/11/2008
260109,Mariquilla Gokes,Kultuk,Russia,90,(781) 7805110,26/06/2002
026242,Coretta Huntress,Tidaholm,Sweden,58,(687) 2012667,07/06/2002
250060,Westbrooke Goldwater,Kudowa-Zdrój,Poland,1,(404) 3868965,04/09/2013
185894,Demetri Wethered,Ağdam,Azerbaijan,80,(317) 3709115,13/09/2017
778628,Danya Dominguez,Örebro,Sweden,43,(366) 1362204,08/11/2016
439387,Aubrette Brosoli,Shimorskoye,Russia,26,(414) 2596350,02/07/2001
987690,Sandro Silversmid,Levallois-Perret,France,54,(521) 9444053,27/06/2001
384999,Ermin Rivers,Sieniawa,Poland,89,(459) 9571649,26/06/2009
888952,Jerrine Shilston,Vithkuq,Albania,50,(865) 4157388,18/02/2012
768214,Anallise Titterton,Vybor,Russia,81,(166) 3562150,16/08/2013
052650,Curt Tows,Orzech,Poland,52,(554) 4464351,08/09/2010
824362,Ambrosi Spada,Netolice,Czech Republic,1,(232) 2491533,09/08/2005
081827,Adolpho Dakhno,Bergen,Norway,12,(416) 9647691,15/05/2015
859752,Darb Monier,Rumilly,France,37,(512) 5055413,03/05/2011
623308,Bette Sandels,Gukovo,Russia,23,(321) 5208476,05/05/2004
166679,Carolan Prendeguest,Dziewin,Poland,53,(351) 4860050,18/08/2002
842916,Avivah Cadwallader,Vereshchagino,Russia,43,(504) 8463020,12/11/2016
558038,Nicol Demanche,Maslovare,Bosnia and Herzegovina,63,(707) 4929687,28/12/2006
567571,Adolpho Batalini,Kozlovice,Czech Republic,1,(426) 3597921,07/10/2004
469131,Lemmy Graundisson,Norberg,Sweden,47,(171) 9082626,20/04/2019
942025,Giorgi Catherick,Shatrovo,Russia,88,(806) 6016980,29/05/2011
090494,Melly Scading,Stizhkivs’ke,Ukraine,36,(198) 3218330,29/06/2010
534642,Link Doody,Grosuplje,Slovenia,31,(530) 2613437,15/02/2009
999663,Nicoline Breakey,Rakvere,Estonia,56,(197) 1334031,04/05/2001
679207,Stephine Callaby,Rungis,France,6,(306) 1766846,20/06/2005
240460,Hatty Pietroni,Eloúnda,Greece,16,(590) 4229186,04/09/2001
132910,Alfonso Smeed,Vallentuna,Sweden,84,(589) 3955286,03/10/2004
003611,Cristen Grevatt,Habartov,Czech Republic,20,(162) 6854148,15/03/2002
210622,Bonnibelle Blencowe,Barbudo,Portugal,1,(814) 9486375,17/04/2012
790698,Anet Lamberts,Pefkochóri,Greece,18,(541) 5512534,07/04/2002
948993,Henderson Thackray,København,Denmark,27,(257) 7040708,12/02/2014
371477,Faydra Gouda,Święciechowa,Poland,85,(852) 4090564,24/01/2008
928571,Marna Jendas,Monte Novo,Portugal,71,(171) 4149719,28/09/2013
678429,Sharlene Anstie,Rudnik,Poland,18,(265) 8437837,11/06/2018
256372,Teddi Giabucci,Stockholm,Sweden,25,(668) 1001780,10/03/2019
822687,Grantham Smidmore,Arbois,France,84,(445) 5985646,22/07/2015
937837,Lorne Simkins,Marseille,France,39,(527) 7026119,22/11/2010
901169,Trent Sandercock,Ishkhoy-Yurt,Russia,91,(569) 4184088,04/06/2014
669521,Steffen Trownson,Évry,France,19,(613) 6129764,23/08/2018
065683,Karlik Jeff,Tsaghkahovit,Armenia,81,(514) 6206114,23/09/2007
156712,Taddeo Petticrew,Ust-Maya,Russia,3,(748) 9944820,24/03/2005
397607,Lorenzo Laidler,Västerås,Sweden,10,(854) 4526767,01/06/2015
173505,Raychel Moodey,Flen,Sweden,81,(268) 8457138,15/02/2017
379534,Valera Pawsey,Oslo,Norway,9,(149) 2133586,26/10/2005
306626,Maxim Glossup,Alavus,Finland,27,(749) 7477329,15/07/2002
815036,Romonda Benitti,Mońki,Poland,69,(307) 8403761,24/12/2015
102702,Megan Harradine,Colmeal,Portugal,93,(851) 8009202,07/11/2009
069864,Lindy Cufley,Aleksandrovac,Serbia,99,(418) 6415378,11/01/2008
909460,Sara Nutton,Fabianki,Poland,62,(584) 8009268,19/02/2007
466415,Maynard Molnar,Syanno,Belarus,84,(772) 7566805,07/02/2012
623984,Lauretta Daville,Châlons-en-Champagne,France,3,(385) 9273302,13/10/2015
562424,Jocko Pawlett,Varser,Armenia,64,(283) 6750150,18/01/2014
423755,Taddeusz Patshull,Mugi,Russia,29,(502) 4235624,22/02/2010
075853,Mariska Silcox,Ujar,Azerbaijan,41,(826) 7451454,12/01/2001
378416,Warde Agent,Novosel’ye,Belarus,88,(561) 9194349,09/05/2003
020322,Dedra Grunder,Itum-Kali,Russia,96,(778) 1321577,27/01/2003
217433,Nicola Ferrige,Novi Bilokorovychi,Ukraine,34,(436) 3239165,13/02/2005
876719,Westbrooke Litt,Debeljača,Serbia,84,(237) 9128884,19/11/2018
754832,Cornie Matevosian,Água Levada,Portugal,15,(429) 1779575,19/11/2002
216341,Claudetta Rikkard,Cielmice,Poland,52,(927) 7459832,01/01/2015
176737,Martelle Skelly,Rzewnie,Poland,22,(581) 5071282,19/05/2001
014701,Florence Juliano,Vil’nyans’k,Ukraine,41,(200) 7839444,07/06/2007
449373,Lazare Littrick,Krynice,Poland,55,(210) 1352968,31/12/2009
679550,Mordecai Don,Sokol,Russia,21,(346) 9035911,02/12/2002
199161,Malinda Leport,Hasan,Albania,3,(251) 1632940,05/08/2010
278611,Kata Vaneev,Oslo,Norway,24,(523) 1698826,02/08/2004
058221,Townsend Laguerre,Tønsberg,Norway,86,(562) 7649384,06/12/2004
981202,Odey Leathers,Ternopil’,Ukraine,41,(191) 8321759,05/12/2001
951601,Stearne Lovekin,Strasbourg,France,37,(671) 5144655,11/12/2005
061171,Tom Krysztofiak,Zwierzyń,Poland,8,(708) 8491701,21/03/2007
816819,Jammal Bagnal,Eirol,Portugal,48,(897) 4257698,20/07/2015
077189,Rebe McGrowther,Mértola,Portugal,34,(633) 4076448,26/10/2006
369993,Emalia Churms,Kičevo,Macedonia,49,(313) 9999442,23/01/2015
094584,Curt Hanks,Tõrva,Estonia,73,(561) 5712827,07/05/2004
004721,Maynard Rackham,Ryglice,Poland,34,(938) 4340556,16/12/2004
226498,Dorita Slatford,Skovorodino,Russia,75,(553) 7047048,01/04/2017
087872,Emmy Emeney,Bodø,Norway,57,(913) 7075555,25/05/2018
980862,Wells Hazle,Alfta,Sweden,48,(738) 2232647,19/06/2013
138328,Larissa Waterdrinker,Chilly-Mazarin,France,21,(399) 6067573,04/08/2010
366737,Christie Hallahan,Floda,Sweden,18,(475) 4095119,12/09/2009
340029,Cristian Corkill,Thiais,France,58,(144) 4486781,17/01/2019
856833,Bealle Avramchik,Fier-Çifçi,Albania,76,(546) 6640159,20/02/2007
639035,Jake Febre,Sofiyivka,Ukraine,94,(977) 5046767,24/07/2016
745914,Cordi Petrushkevich,Boulogne-Billancourt,France,90,(425) 4171471,26/10/2011
940747,Welsh Fozzard,Balzers,Liechtenstein,43,(739) 3576420,05/05/2017
576043,Esta Glynne,Hukvaldy,Czech Republic,25,(158) 5238389,09/12/2002
021003,Bat Merkle,Umeå,Sweden,61,(588) 1565995,31/07/2007
937507,Michelle Scibsey,Mirny,Russia,71,(324) 5103210,04/08/2015
917915,Mitchael Lattimore,München,Germany,87,(313) 9553498,15/09/2005
701544,Edythe Plunket,Sundsvall,Sweden,3,(261) 6302614,01/10/2002
825457,Timofei Osbiston,Estreito Câmara de Lobos,Portugal,63,(487) 1823901,15/10/2004
979527,Mikol Sivil,Platičevo,Serbia,82,(908) 3365418,22/04/2011
642802,Harlen Licciardi,Celeirós,Portugal,39,(420) 7543336,19/08/2002
692156,Gilbert McLise,Boden,Sweden,22,(604) 3108666,09/04/2014
274295,Stuart Bilverstone,Vélizy-Villacoublay,France,86,(992) 5205231,05/11/2015
886585,Odele Combes,Otlja,Macedonia,24,(786) 2574836,08/07/2014
041317,Clementine Tarbert,Płock,Poland,25,(389) 1637704,01/10/2002
540337,Sancho Arundell,Saint-Herblain,France,34,(375) 7788584,03/03/2007
160195,Lillis Matonin,Novyy Starodub,Ukraine,26,(385) 9139732,13/06/2009
959439,Arlina Glanders,Novohrad-Volyns’kyy,Ukraine,67,(988) 6084830,13/01/2007
410657,Stacey Lilleycrop,Épinal,France,17,(303) 3702237,05/04/2009
326721,Guglielma Lessmare,Blois,France,84,(152) 5128090,29/07/2000
989803,Ynez McPhelimey,Le Mans,France,37,(988) 1395679,10/01/2018
334314,Englebert Conkey,Vila Fria,Portugal,17,(458) 5871604,09/09/2000
363631,Lek Heys,Alphen aan den Rijn,Netherlands,53,(543) 9984551,08/09/2017
063085,Tuck Fairham,Haninge,Sweden,94,(264) 9648509,09/03/2007
246074,Renaud McColl,Leninskoye,Russia,34,(983) 8373871,01/05/2013
691604,Stanislaw Nevin,Milevsko,Czech Republic,3,(370) 5064150,04/11/2008
023403,Sharleen Deinhard,Liješnica,Bosnia and Herzegovina,94,(692) 2089093,12/05/2005
400254,Sabra Hattigan,Elassóna,Greece,96,(184) 5604062,05/12/2013
046971,Marsiella Lamborne,Aknīste,Latvia,69,(911) 5179182,25/08/2011
165426,Lammond Crippill,Ruzayevka,Russia,84,(476) 7159994,06/02/2008
454160,Lorettalorna Roll,Santa Iria de Azóia,Portugal,36,(610) 1654814,26/10/2014
689480,Barnabas Kinnaird,Novokuz’minki,Russia,79,(852) 1792813,03/09/2006
727520,Annabell Martinson,Privolzhskiy,Russia,31,(247) 5531177,13/06/2018
547081,Daloris Minchindon,Ryazhsk,Russia,15,(745) 7887836,28/01/2004
612466,Charmaine Mullally,Metz,France,75,(351) 7956873,02/01/2017
705480,Ruy Frensche,Luboń,Poland,35,(554) 1334751,28/12/2002
469887,Corene Aprahamian,Kozloduy,Bulgaria,18,(869) 1050132,28/10/2001
136612,Chad Thyer,Västerhaninge,Sweden,97,(446) 2132527,05/01/2006
461289,Emalee Eburne,Cherskiy,Russia,22,(174) 1361070,26/08/2001
360227,Alberta MacLachlan,Valjevo,Serbia,48,(835) 7170230,22/07/2015
728786,Charlie Tidbold,Milton,United Kingdom,42,(557) 7692900,28/09/2008
362014,Siward Wathall,Radenka,Serbia,11,(604) 3547285,16/09/2014
849460,Daniele Spragg,Vovchans’k,Ukraine,58,(443) 8590144,15/02/2005
332677,Maxim Rabbatts,Sobrosa,Portugal,82,(654) 4172790,07/07/2006
604360,Brandea Holdron,T’et’ri Tsqaro,Georgia,53,(468) 2435262,24/11/2016
309257,Lisetta Ludwig,Pinhal Novo,Portugal,91,(836) 9662289,02/03/2012
547584,Tracey Broggelli,Souto,Portugal,80,(820) 1080328,22/04/2007
884165,Alexis Sandilands,Carapelhos,Portugal,93,(759) 2171217,08/10/2004
195078,Somerset Roux,Trubchevsk,Russia,16,(659) 1219917,31/01/2013
107492,Leonhard Deverick,Arıqıran,Azerbaijan,9,(667) 1847747,10/01/2002
067380,Rogers Pashan,Kupavna,Russia,9,(933) 9429970,20/05/2012
463045,Gifford Hrus,Skrzydlna,Poland,58,(882) 2787710,19/09/2016
267915,Zahara Clemitt,Bubullimë,Albania,85,(807) 1460227,29/07/2018
308925,Todd Stanesby,Planovskoye,Russia,43,(272) 5476125,02/04/2001
137982,Deedee Greenroad,Uva,Russia,80,(646) 4975646,05/08/2018
658527,Mariel Charley,Täby,Sweden,80,(378) 5905386,20/09/2010
534495,Randell Banks,Artimet,Armenia,90,(377) 6294206,04/07/2017
902173,Ginny Fadian,Costa Nova do Prado,Portugal,65,(563) 2674794,10/08/2006
881221,Diann Rummins,Salavat,Russia,30,(319) 9348731,01/05/2014
601012,Harris Bertson,Plakhtiyivka,Ukraine,38,(960) 3841407,12/01/2003
844455,Murdock Titmus,Ilanskiy,Russia,60,(404) 2700872,30/03/2007
192242,Quinton Hoyles,Vale de Açores,Portugal,45,(353) 9298650,06/10/2017
555649,Osgood Giamuzzo,Villeneuve-la-Garenne,France,2,(459) 6792821,21/08/2013
525316,Anabelle Fairy,Marčelji,Croatia,13,(274) 7866472,04/10/2004
573667,Tracey Cannell,Loivos,Portugal,22,(612) 5977198,25/07/2011
328510,Duff Wigfall,Tlumach,Ukraine,45,(517) 7530302,15/10/2018
130230,Dorey Blankley,Löddeköpinge,Sweden,74,(826) 9391581,14/04/2003
833955,Hebert Bygrove,Ķegums,Latvia,25,(221) 5727823,06/04/2012
115978,Shaughn Bumphries,Praia da Barra,Portugal,18,(227) 2408144,03/07/2007
752150,Maye Flanigan,Blois,France,17,(964) 7722689,18/03/2008
365616,Sukey Tidbald,Międzybrodzie Bialskie,Poland,45,(510) 1734989,24/07/2012
763912,Constantino Fidgeon,Siennica Różana,Poland,6,(645) 3234829,18/10/2006
481405,Evelyn Balch,Podivín,Czech Republic,32,(219) 8865898,26/09/2013
116879,Alain Whitehorne,Loučeň,Czech Republic,24,(345) 3849331,02/04/2006
701355,Kassandra Kybird,Cergy-Pontoise,France,86,(956) 1355827,27/05/2011
910592,Faythe Laffan,Novovolyns’k,Ukraine,99,(421) 6735888,18/09/2017
964182,Palm Beeton,Firenze,Italy,23,(642) 4130379,10/09/2011
991329,Allene O'Lunny,Paris 14,France,53,(368) 4201680,20/05/2004
780316,Iggy Tousey,Dillenburg,Germany,6,(917) 9160518,26/09/2007
990989,Roshelle Hayter,Avignon,France,88,(923) 6384155,17/09/2003
163328,Fenelia Kaiser,Yablochnyy,Russia,23,(666) 6714201,18/09/2003
424452,Earlie Dilland,Hässleholm,Sweden,48,(483) 8404601,29/02/2016
692019,Giraud Yankov,Burtunay,Russia,46,(859) 9732888,27/03/2008
303551,Kareem Hiscoke,Yeysk,Russia,75,(988) 4515646,14/04/2011
541440,Kathrine Smylie,Karlskoga,Sweden,5,(916) 2285557,24/11/2017
119238,Tabbitha Braybrookes,Baturyn,Ukraine,26,(888) 3669202,31/12/2005
204012,Ferrel Phippen,Portumna,Ireland,62,(640) 6619266,30/10/2007
201572,Ysabel Ertelt,Plovdiv,Bulgaria,83,(749) 1994348,15/12/2013
633252,Derron Frick,Stockholm,Sweden,26,(268) 1791286,15/07/2001
475974,Beale Bartels,Växjö,Sweden,60,(641) 5778347,07/11/2001
410955,Conrade Orrett,Lokot’,Russia,86,(451) 9977736,25/08/2016
770468,Boniface Jikovsky,Gniezno,Poland,10,(673) 5307670,26/07/2011
892687,Allen Pache,Pitomača,Croatia,29,(713) 4668985,24/08/2004
208826,Aidan McClelland,Návsí u Jablunkova,Czech Republic,16,(320) 7645148,29/09/2009
890991,Darill Barnicott,Sudislavl’,Russia,64,(679) 1227836,01/05/2019
289704,Pierette Hattrick,Grecheskoye,Russia,76,(307) 9059890,11/05/2012
401246,Eldon Gladwish,Mirnyy,Russia,42,(712) 1085481,09/09/2004
914551,Donalt Feak,Omiš,Croatia,56,(121) 4533201,13/03/2009
770269,Cristin Wimpenny,Kępno,Poland,75,(157) 8670294,22/12/2008
994902,Fonsie Heinert,Psary,Poland,50,(944) 4320842,15/04/2007
393281,Dylan Giraldon,Šentvid pri Stični,Slovenia,49,(837) 8616738,11/01/2007
459453,Haley Balma,Utkivka,Ukraine,99,(755) 4914447,09/09/2002
561279,Renaldo Silcocks,Artashat,Armenia,91,(514) 9484033,28/05/2004
433400,Anders Clint,Schiedam postbusnummers,Netherlands,63,(350) 1392479,25/10/2011
099723,Kinna Potteridge,Litvínov,Czech Republic,67,(908) 3013032,15/06/2005
060742,Wesley Nardi,Beaufort,Luxembourg,19,(947) 5747428,28/08/2004
553590,Sybilla Devote,Szklarska Poręba,Poland,13,(446) 1874107,08/11/2011
379514,Walsh Simonson,Psychikó,Greece,69,(142) 5315782,14/07/2013
253164,Ortensia Brumpton,Paris 18,France,74,(197) 7685345,15/11/2011
239932,Penelope Kiernan,Rędziny,Poland,9,(123) 3124446,01/01/2004
415469,Adore Hurren,Nebug,Russia,52,(563) 4049890,21/06/2002
423156,Anna-diane Handrahan,Lomintsevskiy,Russia,2,(292) 4946756,10/09/2017
915895,Antonio Saward,Fos-sur-Mer,France,17,(887) 5775950,21/10/2014
374399,Alistair Pamment,Idanha-a-Nova,Portugal,81,(360) 9768236,24/03/2018
709536,Jude Clotworthy,Vale de Açores,Portugal,76,(158) 8827190,20/09/2013
202011,Robina Chestle,Tarouca,Portugal,14,(752) 5789809,09/07/2011
425037,Mag Elles,Morfovoúni,Greece,76,(739) 5584243,05/07/2013
225160,Teador Dury,Canillo,Andorra,89,(211) 3012074,25/10/2013
312219,Marillin Killingback,Courtaboeuf,France,80,(430) 6036773,24/02/2018
005152,Lula Allcott,Nyköping,Sweden,79,(948) 7720942,06/07/2008
280791,Nance Jacox,Sosnovo-Ozerskoye,Russia,92,(172) 9909569,05/12/2005
782708,Tuck Hixley,Bus’k,Ukraine,66,(448) 9474734,14/05/2015
619314,Brana O'Moylan,Křižanov,Czech Republic,74,(192) 5944926,22/04/2001
030653,Charleen Northedge,Quintães,Portugal,45,(239) 5342649,15/09/2009
068221,Norbert Sturzaker,Priupskiy,Russia,77,(333) 9754166,27/11/2005
257910,Netta Rabbage,Kurlovo,Russia,6,(969) 3447840,18/12/2009
551244,Berke Deguara,Nyagan,Russia,83,(976) 4511144,19/02/2005
084174,Beitris Jessard,Johanneshov,Sweden,53,(701) 9947356,16/08/2010
777141,Anabel Zuann,Bošovice,Czech Republic,3,(370) 6348807,09/07/2005
626680,Kort Schutter,Srostki,Russia,2,(288) 8101219,14/06/2016
118598,Brenda Andress,Turbiv,Ukraine,98,(822) 4898645,12/02/2014
875908,Evy Rockhill,Baku,Azerbaijan,5,(912) 1476267,26/02/2019
752101,Jelene Brogiotti,Wąwolnica,Poland,59,(701) 5055606,09/02/2019
177604,Peria Theze,Vidnoye,Russia,84,(509) 9784022,02/10/2006
507336,Malvin Kittless,Néo Psychikó,Greece,50,(761) 2548218,05/10/2015
715940,Tobit Lyttle,Jevišovice,Czech Republic,42,(667) 3166926,05/09/2010
533176,Giacomo Hutchin,Krasnogorodskoye,Russia,83,(387) 4678152,09/10/2016
175476,Ada Nanni,Adygeysk,Russia,91,(214) 3751313,28/10/2014
124210,Dun Malarkey,Beijós,Portugal,4,(747) 4940464,01/07/2001
998205,Hedi Emor,Dębowiec,Poland,55,(528) 6527160,17/10/2008
166551,Simmonds Cisson,Periyiáli,Greece,72,(694) 5218433,04/11/2014
652246,Brew Emanson,Burrel,Albania,85,(100) 1983352,24/01/2005
987936,Kathleen Hartles,Bourgoin-Jallieu,France,9,(118) 4987831,16/04/2008
800601,Had Hoxey,Salavat,Russia,16,(921) 8288184,23/08/2006
924770,Conrade Smewin,Mrganush,Armenia,93,(150) 4407095,29/11/2016
548228,Estrella Coolson,Melissochóri,Greece,73,(683) 3537771,02/10/2015
499427,Gertruda Yon,Ovidiopol’,Ukraine,31,(916) 8247642,20/04/2002
492821,Umeko Fitzroy,Kelasuri,Georgia,27,(211) 7927301,05/05/2012
639845,Salmon Dietmar,Paris 09,France,93,(325) 6665157,22/03/2017
643382,Batholomew Ramsay,Horodnya,Ukraine,26,(532) 5940288,09/04/2009
611573,Boris Blencowe,Strömsund,Sweden,30,(992) 8400793,24/12/2003
096271,Jerrold Woodroffe,Balzers,Liechtenstein,98,(921) 4778573,06/07/2013
124198,Kendra Birwhistle,Opuzen,Croatia,69,(921) 7327050,14/08/2013
643429,Ina Gaukrodge,Kraczkowa,Poland,23,(147) 7091830,29/09/2011
727281,Gale Caberas,Uryupinsk,Russia,28,(972) 2765117,30/09/2008
583520,Teodoor Dowderswell,Korosten’,Ukraine,85,(316) 1768312,29/01/2006
983451,Town Swenson,Wuppertal,Germany,55,(718) 6907851,09/08/2001
826636,Delcina Bower,Stryszów,Poland,61,(442) 2942614,21/12/2007
562884,Des Pitkeathly,Campos,Portugal,18,(525) 7179326,12/06/2016
351429,Way Varnam,Costa de Rios Frios,Portugal,55,(391) 5044988,06/06/2010
167970,Ruth Bleckly,Banho e Carvalhosa,Portugal,7,(422) 5743646,14/01/2014
627865,Marius Nawton,Staromyshastovskaya,Russia,39,(454) 6496764,28/02/2015
188909,Lauralee Bollins,Rájec-Jestřebí,Czech Republic,35,(769) 2184472,01/06/2010
354704,Rosa Gorner,Gori,Georgia,84,(750) 8468151,08/07/2004
001306,Veriee Fintoph,Skoki,Poland,93,(252) 1893081,23/03/2014
147891,Kelley Kerswill,Suchy Las,Poland,51,(406) 4959562,04/02/2008
954198,Ashleigh Eblein,Figueira,Portugal,32,(379) 7524361,23/10/2015
859813,Orlando Gorring,Hamburg,Germany,84,(594) 3075577,14/03/2019
266925,Magda Rowbottom,Avon,France,74,(503) 5834504,17/06/2012
481825,Paulette Waghorne,Piškorevci,Croatia,92,(907) 8215877,02/02/2016
838176,Humberto Pybus,Kosakowo,Poland,63,(602) 8765171,25/09/2002
084341,Barri McIlwraith,Nyköping,Sweden,67,(547) 2628069,15/10/2009
211816,Guglielma Edes,Corujeira,Portugal,98,(627) 5436950,23/04/2003
227520,Lillian Dubber,Kowalewo Pomorskie,Poland,71,(164) 6150696,09/02/2002
304229,Marmaduke Langstaff,Valladolid,Spain,44,(924) 8378220,03/06/2002
799767,Jonis Jarnell,Plakhtiyivka,Ukraine,72,(146) 9519755,09/08/2016
690353,Barbra Ranscomb,Oravais,Finland,21,(370) 4909521,02/11/2011
996404,Heloise Malpass,Pärnu-Jaagupi,Estonia,59,(696) 6682505,21/12/2009
523420,Hakeem Jaher,Dolní Lhota,Czech Republic,29,(585) 6146116,03/08/2001
342303,Nichols Huckleby,Castelnaudary,France,73,(166) 3466595,03/12/2013
860721,Sherrie Kirton,Agen,France,17,(687) 6932475,19/08/2012
456403,Henrieta Blayd,Shamakhi,Azerbaijan,59,(793) 3428136,31/01/2019
494928,Brigid Roly,Castres,France,66,(530) 6053236,13/09/2004
956054,Lizette Tebbs,Finspång,Sweden,89,(971) 1421852,05/02/2007
623396,Antonietta Gorries,Dammarie-les-Lys,France,85,(737) 1731400,29/07/2007
506247,Brice Houlson,Luftinjë,Albania,73,(769) 9651630,17/03/2009
954167,Beauregard Keays,Leninskiy,Russia,1,(151) 7248129,05/05/2008
431435,Selestina Peffer,Dardhas,Albania,17,(993) 2144060,06/01/2005
627890,Matthus Lipman,Mora,Sweden,92,(425) 5242922,13/10/2010
404954,Renaud Yielding,Paris 10,France,70,(959) 8425338,28/04/2004
815797,Jacintha Sunnucks,Dubravica,Bosnia and Herzegovina,80,(520) 8996045,16/09/2016
162844,Sasha Shellard,Volodymyrets’,Ukraine,73,(720) 8680739,22/12/2007
072881,Debee Heskin,Baykit,Russia,32,(390) 2067066,01/03/2005
304840,Glynn Siebart,Čortanovci,Serbia,49,(400) 3462885,16/10/2012
762852,Janna Antcliff,Yasynuvata,Ukraine,43,(308) 6186713,29/04/2017
516386,Sterne Braunston,Topchikha,Russia,36,(667) 6657379,22/09/2010
209930,Oneida Duiguid,Mikstat,Poland,89,(532) 3989334,31/03/2014
727887,Brody Fogel,La Charité-sur-Loire,France,86,(795) 8067102,30/08/2001
136092,Kassey Ainsley,Grabów,Poland,37,(677) 3513186,28/11/2006
029747,Charissa Durtnell,Łubowo,Poland,74,(326) 6158557,16/12/2004
253934,Paulie Cunniam,Preiļi,Latvia,2,(280) 2762069,28/07/2015
516569,Riley Kaesmans,Gudja,Malta,50,(992) 8812359,14/09/2014
397267,Kermit Feehan,Ostankinskiy,Russia,87,(188) 4324457,21/06/2018
481360,Jillene Hugin,Bystřany,Czech Republic,32,(738) 4902361,01/09/2010
989197,Timothee Fifoot,Piątnica,Poland,49,(779) 3546781,23/12/2010
269506,Pat Hadwin,Umeå,Sweden,10,(560) 3609676,23/06/2000
795427,Ralina McKeaney,Tyukalinsk,Russia,30,(984) 5251656,11/08/2004
995783,Demetris Matanin,Donja Mahala,Bosnia and Herzegovina,7,(916) 6813176,17/06/2018
294395,Meara Costelow,Bërxull,Albania,71,(597) 9853285,09/02/2002
197468,Eydie Cammish,Ymittos,Greece,95,(330) 2657895,29/06/2005
844146,Shel Biscomb,Ostrowsko,Poland,89,(776) 9640424,01/12/2009
363861,Leo Teaze,Shamkhor,Azerbaijan,80,(559) 3207853,05/03/2015
330325,Matias Houldey,Cimişlia,Moldova,28,(637) 2756535,05/02/2002
714534,Gerianna Dunbleton,Montpellier,France,13,(672) 2728300,08/06/2005
473071,Jamal Compton,Kamienna Góra,Poland,75,(656) 5216278,21/07/2012
126920,Kristien D'Onise,Sîngerei,Moldova,78,(689) 7219744,21/12/2000
001681,Kassi Skoyles,Rogóźno,Poland,9,(376) 1345427,13/12/2006
579094,Libby Pendre,Marseille,France,46,(756) 5827228,18/11/2017
317877,Gabby Spawton,Oslo,Norway,34,(834) 4391811,10/05/2016
727421,Muriel Learoyd,Lípa,Czech Republic,15,(683) 8268706,04/11/2009
016452,Stanislas Fyrth,Losevo,Russia,25,(156) 6580446,03/03/2004
187828,Goddard Roselli,Ust’-Labinsk,Russia,84,(723) 9481414,03/02/2018
659017,Darsie Sambiedge,Ozherel’ye,Russia,29,(358) 8843459,14/12/2015
186843,Kathlin Rillstone,Enskede,Sweden,51,(973) 3531777,08/01/2010
742328,Clim Pritty,Viana do Castelo,Portugal,3,(151) 9746170,15/01/2016
256163,Emlyn Manuello,Kobryn,Belarus,41,(291) 2534967,12/02/2017
288940,Claudia Roxbrough,Pontinha,Portugal,11,(315) 5771506,25/06/2008
887150,Curt Joy,Miskolc,Hungary,11,(290) 5723415,20/05/2014
669011,Franklin Patzelt,Limanowa,Poland,95,(275) 2747007,15/09/2006
245525,Sauncho Dellenbroker,Växjö,Sweden,19,(430) 1586304,07/05/2006
531027,Berke Brombell,Ishëm,Albania,66,(291) 6847905,05/03/2018
996496,Rustin Canny,Pyatigorskiy,Russia,23,(835) 2221762,23/04/2005
277272,Andie Tie,Malinovskiy,Russia,94,(482) 2007255,24/05/2014
115610,Gina Petrelli,Halmstad,Sweden,22,(846) 2417308,18/07/2017
628288,Liv Behninck,Kannus,Finland,70,(329) 4393315,26/12/2000
877169,Verine Kingaby,Stryszów,Poland,81,(371) 9710757,29/07/2007
737654,Melvin Morhall,Ta’ Xbiex,Malta,88,(478) 4511450,25/07/2003
722903,Chiquita Grzeszczak,Agriá,Greece,15,(623) 4669699,12/10/2018
388138,Antonius Fylan,Krasnoshchekovo,Russia,83,(909) 1050628,27/07/2006
059878,Stormi McSwan,Brańsk,Poland,52,(398) 6058932,17/05/2012
819619,Christopher Gibbs,Qobu,Azerbaijan,84,(949) 9292760,08/07/2008
855033,Gladys Peery,Trollhättan,Sweden,82,(762) 7049501,25/10/2014
474715,Jennine Berrycloth,Leiden,Netherlands,20,(745) 5647353,09/09/2006
046790,Lexine Worrell,Gandzak,Armenia,7,(908) 5395766,04/10/2018
549878,Tildi Cluet,Serov,Russia,78,(828) 1354618,24/06/2003
566863,Skell Gianullo,Älvsjö,Sweden,95,(839) 9515202,17/02/2007
314624,Cort Roth,Sysert’,Russia,62,(898) 1417358,25/03/2011
374609,Ricky Tamsett,Fontvieille,Monaco,10,(455) 5196685,19/02/2002
517073,Ajay Bindley,Vereshchagino,Russia,8,(168) 1273945,05/05/2017
855595,Andra Warlton,Čakovec,Croatia,11,(413) 7670857,22/10/2016
571878,Virgil Hamlett,Brunssum,Netherlands,77,(607) 8430910,18/05/2010
488525,Esther Calderon,Veisiejai,Lithuania,74,(126) 9242754,18/08/2002
307678,Chrystel Klimentyonok,Birmingham,United Kingdom,19,(748) 4882747,09/05/2009
698493,Cobby Haig,Izobil’nyy,Russia,12,(498) 4573708,20/01/2002
720371,Bary Caudrey,Zaplavnoye,Russia,25,(187) 7280718,31/08/2000
426379,Sally Hessle,Quintela,Portugal,10,(740) 2494830,16/02/2002
453464,Colleen Georgiev,Lewin Kłodzki,Poland,34,(241) 1879973,08/03/2008
804615,Tova Fraine,Lycksele,Sweden,64,(766) 9887283,28/05/2018
759423,Herby Chadney,Stepove,Ukraine,70,(246) 5687526,07/04/2012
194599,Chance Gillani,Balrothery,Ireland,84,(308) 3288279,06/05/2012
934302,Brooks MacCorley,Hamburg,Germany,13,(490) 9469003,09/02/2011
910198,Francene Landell,Bryansk,Russia,35,(250) 2961289,11/06/2014
132772,Florina Penzer,Annino,Russia,25,(847) 3423456,19/12/2015
860387,Tabatha Wardale,Pamplona/Iruña,Spain,47,(899) 6726930,22/06/2015
012763,Frederica Czyz,Miass,Russia,84,(950) 5294025,04/05/2004
393202,Kris Eynald,Bus’k,Ukraine,92,(690) 2778111,20/02/2009
183257,Vasilis Jonah,Szczawnica,Poland,52,(979) 4380517,30/01/2019
242542,Stacy Stairs,Etten-Leur,Netherlands,26,(228) 8640932,10/08/2004
700011,Atlanta Chupin,Liběšice,Czech Republic,50,(891) 8177215,18/01/2006
679753,Allis Spurett,Yoshkar-Ola,Russia,69,(456) 2718910,04/03/2008
305076,Ashly Helliwell,Elassóna,Greece,10,(618) 4096960,16/04/2019
691176,Melitta Clericoates,Yakovlevskoye,Russia,13,(488) 2936165,31/10/2010
211653,Diann Stede,Drosiá,Greece,60,(428) 4468621,08/12/2006
937541,Nerita Staines,Lidköping,Sweden,75,(637) 8614360,07/02/2012
469217,Ailee Pountain,Bridel,Luxembourg,80,(576) 5696873,11/12/2010
193249,Kitti Howlett,Vadstena,Sweden,22,(955) 4759980,18/01/2018
355361,Niall Everley,Borås,Sweden,17,(556) 8069367,09/02/2013
089182,Casi Edworthy,Novhorod-Sivers’kyy,Ukraine,7,(231) 7318739,04/02/2011
226596,Karlotta Manford,Zelenchukskaya,Russia,27,(181) 8470077,07/12/2013
761642,Joela Kennifick,Lorient,France,96,(485) 7085775,01/02/2004
697724,Desmond Fenimore,Chenôve,France,36,(343) 4421668,06/07/2010
518533,Walt Dendle,Moinhos,Portugal,24,(384) 7065115,20/02/2002
127393,Palm Grafton,Sundbyberg,Sweden,42,(992) 7238061,12/03/2003
850266,Jamal Rodder,Lashma,Russia,43,(241) 7460703,25/07/2002
200392,Francesca Batiste,Stodolishche,Russia,26,(570) 3708037,10/11/2006
968095,Pryce Cudby,Noisy-le-Grand,France,81,(924) 2369062,24/06/2004
495228,Melisandra McGrill,Turanj,Croatia,71,(590) 7609046,15/02/2007
688430,Claire Grevile,Haradzishcha,Belarus,70,(473) 2028570,17/08/2009
021459,Filberto Glennard,Itéa,Greece,82,(826) 1124178,28/12/2008
344132,Esra Goodbarr,Domaniewice,Poland,88,(803) 5097923,01/05/2016
716085,Althea Cunningham,Hrotovice,Czech Republic,90,(192) 5854857,14/04/2010
688812,Isahella Ballard,Granada,Spain,25,(112) 3339289,26/12/2016
380651,Ester Ropars,Aradac,Serbia,43,(374) 4238298,11/02/2001
671949,Brenda Adnam,Ribeiro,Portugal,4,(470) 1644262,14/01/2002
489224,Mikey Bertson,Áno Kalentíni,Greece,3,(561) 4643229,08/08/2011
372643,Evangelin Danielli,Bystra,Poland,58,(519) 3938708,31/08/2005
592526,Gaye McIleen,Komorní Lhotka,Czech Republic,41,(328) 3058378,10/01/2006
371646,Jeralee Sulley,Kharabali,Russia,43,(450) 5453846,21/08/2000
302310,Whitney Zapater,Pomar,Portugal,67,(485) 6138838,10/01/2016
501055,Emlynne Kopje,Pápa,Hungary,50,(889) 9869994,05/08/2018
169160,Nickolas Hullot,Marsaxlokk,Malta,96,(477) 4747157,21/08/2004
431926,Jannel Leyden,Makarska,Croatia,59,(452) 6904172,02/06/2008
213833,Pebrook Menlow,Pionerskiy,Russia,91,(777) 3889914,16/07/2007
035310,Joyce Maun,Stulovo,Russia,16,(414) 5561228,25/02/2006
669128,Cosimo Williment,Šuto Orizare,Macedonia,19,(827) 6489308,19/06/2002
788785,Kevon Smalls,Utajärvi,Finland,59,(307) 3676306,23/03/2002
899150,Claus Lathom,Auxerre,France,66,(792) 4849390,12/04/2006
746006,Manon Waring,Buguruslan,Russia,25,(329) 5949181,09/08/2010
724712,Nikki Cordey,Figueiró dos Vinhos,Portugal,74,(790) 7549913,20/07/2000
598768,Nannette Gniewosz,Siekierczyn,Poland,6,(809) 2619891,24/01/2009
175152,Grete Jakoviljevic,Butel,Macedonia,58,(488) 4644974,30/11/2010
525932,Shandee Ciccarello,Anuchino,Russia,57,(742) 2986698,09/02/2012
238328,Chick Carnalan,Châteaurenard,France,32,(327) 5770690,05/06/2014
868408,Darill Rubinsky,Mazyr,Belarus,59,(677) 2518249,20/10/2001
490286,Opal Keddie,Linëvo,Russia,59,(505) 5715477,24/03/2008
694072,Rose Tyhurst,Staraya Mayna,Russia,71,(764) 6763420,19/07/2006
851073,Barnett Paggitt,Paris 03,France,24,(365) 3108104,06/10/2011
404511,Kordula Pettis,Kungsbacka,Sweden,86,(171) 1944067,11/11/2018
921511,Dalston Hulbert,Tambovka,Russia,57,(651) 5529609,27/08/2008
453764,Kathryne Welburn,Pregradnaya,Russia,93,(727) 3660274,13/01/2016
099918,Leona Gowlett,Mszana Dolna,Poland,6,(577) 4707951,27/08/2004
157227,Jeanie Lealle,Dortmund,Germany,64,(487) 1608272,20/10/2004
601052,Nanny Depka,Mierzęcice,Poland,57,(841) 4158461,09/09/2016
953153,Immanuel Workman,Pedreira,Portugal,91,(289) 1001602,28/09/2018
403308,Ritchie Asey,Soutocico,Portugal,52,(816) 4692094,14/02/2018
464777,Evaleen Gocke,Deje,Sweden,50,(690) 6446458,26/12/2017
012082,Katti Pearton,Pedreira,Portugal,53,(406) 4993563,02/07/2015
519857,Garold Pennycock,Aghsu,Azerbaijan,6,(420) 2641653,02/09/2015
879773,Farra Whistan,Safonovo,Russia,61,(868) 7494057,04/07/2013
412173,Stevana Ianiello,Thaon-les-Vosges,France,59,(819) 2099242,20/05/2013
077000,Jephthah Sleney,Firenze,Italy,98,(987) 5102502,15/03/2008
618009,Hester Rawling,Monastyrshchina,Russia,35,(917) 5191484,08/04/2014
356906,Thatcher Benardet,Fuenlabrada,Spain,64,(513) 1668816,31/07/2010
631398,Devina Paxforde,Kotel’niki,Russia,12,(571) 5132844,08/05/2008
020272,Dwayne Pennington,Diekirch,Luxembourg,52,(975) 4268915,20/06/2012
500946,Weber Trubshawe,Saltsjö-Boo,Sweden,52,(900) 2851314,27/02/2001
824144,Kanya Andreev,Świnna,Poland,48,(455) 6506706,20/02/2011
267996,Mano Haryngton,Glamoč,Bosnia and Herzegovina,91,(124) 3311712,22/07/2010
755388,Jannelle Bate,Plyeshchanitsy,Belarus,51,(302) 6382643,23/05/2010
871163,Teri Leamon,Kalchevaya,Ukraine,38,(944) 4964241,29/12/2013
690340,Roslyn Domeney,Makedonski Brod,Macedonia,72,(918) 5982421,05/02/2001
490398,Christalle Szymaniak,Malahide,Ireland,100,(297) 2157248,14/07/2014
299560,Sophey Stain,Strömsund,Sweden,28,(318) 7519416,05/04/2019
334422,Peri Lown,Yemva,Russia,56,(500) 7984402,13/12/2014
061105,Marline Benedicto,Berlin,Germany,85,(445) 2019271,22/06/2000
487317,Clem Drakes,Kuczbork-Osada,Poland,84,(936) 4609815,23/11/2001
055445,Gertie Hoult,Aknīste,Latvia,10,(139) 1472046,29/04/2013
131573,Genny Dilger,Sundsvall,Sweden,34,(579) 9284883,06/12/2010
173916,Kirby Oddboy,Ljungbyholm,Sweden,95,(701) 7680686,21/07/2001
135016,Hall Chetwin,Aubenas,France,84,(353) 3432543,10/07/2011
662238,Tyson Boffin,Mina de São Domingos,Portugal,12,(627) 1807599,14/08/2008
658975,Cicily Boddymead,Strání,Czech Republic,50,(489) 6271283,06/08/2015
684313,Sabine Hughland,Todorovo,Bosnia and Herzegovina,40,(155) 3668972,16/01/2001
245586,Micaela Cinelli,Galátsi,Greece,79,(472) 4647347,19/10/2010
834935,Dacie Dumbar,Borodino,Ukraine,97,(953) 7655996,22/11/2012
132540,Paola Braz,Vaulx-en-Velin,France,12,(504) 1732434,04/10/2006
379861,Margery Ferneyhough,Nogent-le-Rotrou,France,30,(995) 5615409,30/07/2007
471979,Morrie Worton,Köpingsvik,Sweden,92,(764) 3831142,27/06/2017
923603,Addy Carlisi,Albarraque,Portugal,52,(454) 9388504,27/03/2007
226731,Wilhelmine Steward,Donskoye,Russia,19,(355) 3665357,09/05/2002
199541,Gabey Bolley,Smiřice,Czech Republic,19,(247) 2076212,12/07/2003
306243,Byron Lies,Avignon,France,29,(326) 2971754,24/06/2003
999012,Frieda Readmire,Maloye Verevo,Russia,62,(196) 6654301,24/08/2004
686794,Kirbee Iashvili,Ust’-Abakan,Russia,52,(781) 9615086,24/08/2011
749031,Nita Kill,Viimsi,Estonia,21,(628) 2510319,07/10/2001
113679,Joshuah Massie,Trzcińsko Zdrój,Poland,11,(975) 4308771,06/12/2014
235509,Buck De La Hay,Karpokhórion,Greece,100,(496) 7032999,27/04/2015
714421,Connie Iacofo,Rožmitál pod Třemšínem,Czech Republic,82,(477) 2935152,18/12/2001
680233,Edward Baser,Créteil,France,88,(993) 6108425,18/12/2006
095927,Cam Narraway,Sitovo,Bulgaria,69,(482) 2058243,15/09/2007
347229,Braden Marritt,Lourido,Portugal,47,(346) 3925333,11/12/2015
435498,Lyndy Kliment,Auray,France,87,(686) 5645604,28/04/2005
753650,Aldo Hoyes,Ostashkov,Russia,4,(964) 2269340,21/11/2006
704901,Melisandra Vobes,Edissiya,Russia,83,(702) 3012926,05/10/2017
908233,Libby Guisby,København,Denmark,5,(596) 2305739,14/01/2016
508992,Ally Filshin,Klenčí pod Čerchovem,Czech Republic,55,(140) 3631826,30/07/2007
321595,Dulcine Dameisele,Debrecen,Hungary,100,(243) 5109532,07/09/2011
704519,Bondy Bletsoe,Uppsala,Sweden,4,(437) 1738647,13/06/2008
818259,Florinda Manuelli,Gandra,Portugal,55,(793) 7375796,12/12/2005
045791,Laina Meckiff,Kolbuszowa,Poland,94,(293) 5354413,01/10/2009
941255,Cacilie Calway,Krasnogorskiy,Russia,13,(778) 7081368,13/07/2016
720997,Farly Grafham,Pamplona/Iruña,Spain,1,(494) 4793009,05/05/2006
216597,Rorke Nickoll,Alíartos,Greece,73,(463) 7193901,19/05/2003
624812,Edlin Digg,Åhus,Sweden,81,(637) 2343923,25/06/2006
514610,Linea Yesinin,Větřní,Czech Republic,94,(535) 9827342,31/12/2011
905169,Caty Mulcock,Best,Netherlands,57,(818) 2635633,27/04/2011
432661,Elfrida Twort,Mikulintsy,Ukraine,41,(568) 3868133,29/03/2018
697204,Fredelia Baggallay,Senhor da Serra,Portugal,53,(835) 7024196,07/08/2010
706754,Dennie Curragh,Venlo,Netherlands,42,(908) 7823903,25/03/2013
794490,Lory Amies,Lagoa,Portugal,97,(811) 8042879,20/09/2007
833977,Averell Stanyforth,Kastélli,Greece,92,(138) 5084463,20/10/2017
916604,Magdalene Firminger,Chagoda,Russia,96,(682) 7435230,18/02/2010
933589,Clarisse Condon,København,Denmark,24,(602) 8335973,08/12/2016
171126,Ingeberg McPolin,Barr,France,32,(315) 2514198,01/08/2015
707427,Tessy Kacheler,München,Germany,32,(972) 8365332,02/12/2010
080008,Erek Yurlov,Tonshayevo,Russia,37,(438) 9807185,05/10/2003
497157,Serene Lummus,Dolany,Czech Republic,29,(357) 6776194,06/11/2006
578330,Ellissa Pooke,Khuzhir,Russia,38,(625) 9581431,09/10/2002
198914,Ronnie Narrie,Krupka,Czech Republic,4,(461) 8060937,17/04/2010
638873,Hervey Tocknell,Koloniya Zastav’ye,Ukraine,19,(370) 8809824,12/12/2012
078048,Alex Duigan,Outeiro,Portugal,5,(573) 4279453,04/11/2016
575343,Andros Tarborn,Priozërsk,Russia,7,(258) 9254011,22/08/2006
177007,Daryle Gorgler,Bashtanka,Ukraine,26,(940) 5198496,21/10/2013
066864,Corey Pellett,Kobleve,Ukraine,37,(626) 5510743,24/01/2002
807345,Cassaundra Ruxton,Roza,Russia,99,(980) 5697366,20/05/2007
580349,Rufe Flockhart,Caherconlish,Ireland,21,(976) 1789394,23/02/2006
132234,Laurie Couvert,Cergy-Pontoise,France,75,(321) 1755464,11/08/2004
