id,Ime,Kraj,Drzava,Starost,Telefon
789613,Irwin Grishin,Sundbyberg,Sweden,16,(396) 8645144
722464,Oswell Pierpoint,Portëz,Albania,89,(756) 6803854
388477,Jacinda Medley,Rosmalen,Netherlands,64,(351) 2129386
496771,Maximilianus Abels,Bagan,Russia,4,(828) 6575300
448074,Dory Worters,Alíartos,Greece,6,(481) 2381440
293357,Melissa Lovett,Vessada,Portugal,11,(873) 1900920
819623,Marlo Gittis,Krasnoshchekovo,Russia,2,(810) 5059950
977254,Melodee Portriss,Bošovice,Czech Republic,13,(790) 5378038
446844,Vickie Roath,Ivano-Frankove,Ukraine,40,(543) 6825543
919858,Georgeta Titt,Täby,Sweden,7,(480) 4323282
710774,Kellyann Curneen,Valence,France,35,(648) 4866891
031677,Chiarra Sandyford,Néos Oropós,Greece,48,(367) 1902255
035303,Hermie Sommerlie,Nine,Portugal,19,(988) 7619105
543418,Base Leuty,Oni,Georgia,5,(530) 7388815
495713,Janeta Kirsche,Getahovit,Armenia,17,(447) 4247669
950361,Mordy Ellesworth,Lameira,Portugal,50,(527) 4727574
732833,Mirilla Regitz,Moita da Roda,Portugal,54,(205) 6490630
106286,Kali Cyster,Shatrovo,Russia,1,(945) 7746657
722745,Frederica Siddaley,Labège,France,6,(291) 2875295
187350,Gerhardine Harkin,Vërtop,Albania,83,(684) 7221187
293102,Maje Tweed,Kachkanar,Russia,83,(412) 9884813
649700,Bessie Jenoure,Mulhouse,France,7,(621) 3505199
664403,Edyth Smitheman,Åkersberga,Sweden,5,(507) 7798147
034410,Rebe Krzyzowski,Międzyzdroje,Poland,23,(963) 3809750
602914,Sasha Chippendale,Umeå,Sweden,29,(359) 9548115
125321,Laverna Ivchenko,Árta,Greece,75,(545) 3339150
241590,Joelynn Swinyard,Baganha,Portugal,39,(107) 4562598
825933,Rorke Copnell,Hamm,Germany,69,(993) 1250850
502444,Evania Conklin,Bagneux,France,88,(997) 6390541
302600,Karin Brosch,Burla,Russia,8,(622) 8548967
245546,Prudi Harrismith,Gorbatovka,Russia,30,(842) 2567246
907161,Ric Hasling,Ystad,Sweden,6,(152) 2307600
865769,Norina Tapsfield,Kongsvinger,Norway,34,(856) 1880190
452709,Austin Tunniclisse,Afanas’yeva,Russia,34,(822) 9297773
636503,Garrott Sneller,Imeni Babushkina,Russia,53,(210) 6058078
223846,Burgess Rivelon,Nelazskoye,Russia,30,(825) 7140976
133740,Rhonda Denidge,Kazanskoye,Russia,12,(844) 3897277
377844,Chevy Menichillo,Eschweiler,Luxembourg,7,(478) 2184199
665484,Bil Brisard,Castres,France,29,(903) 5067824
651003,Johnathan Vasilchikov,Cherryville,Ireland,21,(324) 5087924
551769,Ossie Sneaker,Jrashen,Armenia,34,(783) 2506890
889041,Claudette Bourthoumieux,Kalety,Poland,8,(368) 6967801
886769,Lorain Stango,Mikołów,Poland,81,(730) 7229191
036866,Phyllida Duesbury,Saharna,Moldova,94,(391) 6647034
478392,Benita Trigg,Magnitogorsk,Russia,78,(508) 1643969
461893,Clotilda Junkin,Lerrnanist,Armenia,46,(826) 7442846
743691,Hirsch Heyfield,Västra Frölunda,Sweden,48,(288) 9250631
938230,Carmon Sadler,Działoszyce,Poland,51,(977) 9623309
918023,Cobbie Bryer,Dębowa Łąka,Poland,89,(861) 2784330
211079,Rici Outlaw,Luleå,Sweden,83,(532) 6935110
793611,Veronika Boskell,Zbrosławice,Poland,62,(772) 7679844
845830,Beltran Olliver,Patos Fshat,Albania,70,(204) 4482087
883686,Andrus Sokill,Cergy-Pontoise,France,52,(737) 4914193
372753,Gareth Aizikovitch,Leskovac,Serbia,91,(913) 7064583
538964,Desdemona Tropman,Vardenik,Armenia,75,(960) 4883308
927474,Bel Cholerton,København,Denmark,46,(189) 4890425
935958,Jessamine Carabine,Vinica,Croatia,100,(393) 3735820
657975,Coleman Flucker,Kristianstad,Sweden,32,(433) 4989832
743015,Rafael Farncombe,Horní Štěpánov,Czech Republic,8,(996) 8862134
317477,Anne-corinne Bindley,Esso,Russia,20,(880) 3133398
587136,Nedda Kearton,Vila Franca,Portugal,93,(171) 2496234
668724,Kathie Abramowitz,Kašperské Hory,Czech Republic,25,(261) 9365115
109767,Margarethe Burds,Åkersberga,Sweden,78,(432) 4128623
502725,Care Sames,Érd,Hungary,33,(271) 9941957
207216,Heinrick Blondelle,Kiviõli,Estonia,65,(200) 7187778
552668,Douglass Knobell,Waldbredimus,Luxembourg,96,(946) 1511660
951724,Kandy Solomonides,Soledar,Ukraine,47,(971) 5396871
457279,Sylvan Jurczyk,Nijmegen,Netherlands,89,(851) 8875334
120415,Jillian Windebank,Saumur,France,49,(556) 1270606
097264,Melanie Artin,Cavaillon,France,36,(401) 1416007
363973,Sherwood Fulle,Marseille,France,97,(355) 8260765
612329,Poppy Crocker,Värnamo,Sweden,52,(879) 4349596
484212,Ivar Dymocke,Seč,Czech Republic,36,(859) 8352468
138015,Pearle Higounet,Västra Frölunda,Sweden,32,(371) 4790006
969611,Brien Driver,Khilok,Russia,45,(750) 1016161
070611,Ezechiel Exter,Vantaa,Finland,1,(784) 4888071
324950,Inigo Hughes,Belo Blato,Serbia,16,(762) 9109160
406672,Mort Extal,Kinéta,Greece,7,(820) 8242971
090138,Sherline Dashkov,Paradyż,Poland,87,(278) 5171961
071024,Cindee Maciejak,Wiązownica,Poland,34,(470) 9832021
045092,Trumaine Robertsson,Laval,France,27,(632) 4279648
119978,Pearce Ondricek,Velagići,Bosnia and Herzegovina,70,(197) 8390740
291888,Paddie Bownas,Vårby,Sweden,4,(785) 5215677
370634,Lorita Dachs,Moryń,Poland,5,(407) 5033391
651881,Sheryl Semor,Tekstil’shchiki,Russia,2,(371) 9049621
358729,Margalit Boick,Radoboj,Croatia,6,(826) 3203904
693109,Normand Lawerence,Kungshamn,Sweden,28,(528) 4413871
690745,Felisha Gronauer,Mtsensk,Russia,77,(183) 1234113
478807,Eliza McPhail,Ingarö,Sweden,93,(772) 9698203
251664,Jim Boak,Lgota Wielka,Poland,18,(551) 7557960
307867,Ania Cummungs,Wysokie Mazowieckie,Poland,7,(476) 4252575
416928,Damiano Cordelette,Kushnytsya,Ukraine,81,(734) 1309911
853483,Ephrayim Quarrie,Kladovo,Serbia,47,(762) 2388497
439779,Alix Notton,Aix-en-Provence,France,70,(694) 8873931
409414,Olwen Ketteman,Bystřice nad Pernštejnem,Czech Republic,3,(994) 4706503
669799,Tobiah Isles,Zwolle,Netherlands,32,(720) 6540415
717255,Sonnnie Walbridge,Nikopol’,Ukraine,31,(477) 1531235
903201,Tuckie Millhill,Montpellier,France,74,(105) 4213071
526148,Darin Monget,Novhorod-Sivers’kyy,Ukraine,62,(316) 9938408
629554,Rivi Zanettini,São Miguel,Portugal,2,(662) 3045900
824521,Butch Glyne,Sokolnice,Czech Republic,83,(473) 5916327
648403,Arluene Piggott,Trzcinica,Poland,36,(978) 2760208
690800,Rennie Lattimer,Olovyannaya,Russia,76,(255) 6964129
530710,Brigida Bricksey,Novopokrovskaya,Russia,43,(398) 6875337
991062,Mirna Sunshine,Shumikhinskiy,Russia,85,(635) 1894628
582041,Olva Poll,Fonte da Aldeia,Portugal,100,(810) 3597999
009136,Callean Morit,Lovas,Croatia,23,(181) 6651027
356898,Etienne Vick,Sápes,Greece,83,(850) 7061608
492735,Ardelle Anear,Izbicko,Poland,74,(817) 6999093
983514,Obadiah Fursland,Donja Dubica,Bosnia and Herzegovina,4,(360) 4371512
875984,Elke Greatorex,Mjölby,Sweden,64,(703) 3025743
956291,Alli Dargie,Vereshchagino,Russia,100,(315) 2570369
178819,Toni Lucey,Nowogard,Poland,100,(562) 7292934
102092,Corrie Wharby,Stýpsi,Greece,59,(913) 7316692
166326,Marya Grey,Groningen,Netherlands,41,(148) 4415066
288672,Leann Conti,Sölvesborg,Sweden,53,(166) 6627586
788407,Valaria Haughian,Lerum,Sweden,29,(343) 3234594
134271,Jamima Toderbrugge,Cherbourg-Octeville,France,80,(534) 2293011
634291,Myrtle Abramsky,Raphoe,Ireland,56,(334) 4494379
837765,Tabby Sines,Vol’no-Nadezhdinskoye,Russia,80,(173) 8085057
691271,Ailbert Finley,Severo-Zadonsk,Russia,16,(445) 4131705
951342,Barbara-anne McDavid,Orléans,France,62,(151) 4270712
880797,Sabra Druhan,Sombor,Serbia,74,(118) 5509078
620897,Tersina Langshaw,Bologna,Italy,38,(207) 5224854
726049,Hew MacEllen,Vandœuvre-lès-Nancy,France,53,(213) 3585972
689968,Vally Brisse,Landivisiau,France,22,(415) 3518085
281944,Magnum Todeo,Göteborg,Sweden,96,(497) 8705486
279290,Rubetta Robers,Horní Čermná,Czech Republic,69,(697) 8256521
321071,Wynn Leafe,Dmitrov,Russia,86,(620) 3555534
583557,Sophey Mcsarry,Cerava,Albania,2,(749) 7658025
523353,Maryanne Devine,Novo-Peredelkino,Russia,86,(804) 7079387
996452,Chris Greenall,Luleå,Sweden,42,(952) 5053405
186804,Martyn Leborgne,Český Těšín,Czech Republic,17,(253) 7849280
359251,Thaxter Lewton,Muranovo,Russia,61,(511) 6394568
338772,Dorrie Rubinsky,Canelas,Portugal,86,(180) 6094723
539741,Athena Greenan,Staré Město,Czech Republic,26,(908) 9905399
386841,Lynnet Dillingham,Lukovica pri Domžalah,Slovenia,5,(953) 9728978
049791,Ellswerth Paolucci,Solna,Sweden,74,(195) 5612010
326362,Isa Brisson,Rio de Mouro,Portugal,48,(680) 9193321
259006,Sutherlan Earpe,Wielka Nieszawka,Poland,72,(604) 5937493
567803,Darline Overlow,Kanáli,Greece,21,(214) 7698479
564632,Ginnie Mytton,Eaubonne,France,30,(527) 1219640
492836,Derwin Purchall,Dzięgielów,Poland,9,(573) 8745536
059226,Tyrus Downham,Ylitornio,Finland,44,(599) 6718241
800075,Saudra Facher,Tytuvėnėliai,Lithuania,33,(363) 7748322
804788,Lorene Hexam,Escola,Portugal,29,(933) 3051488
368776,Cora Aitchison,Perivóli,Greece,25,(959) 2692882
651712,Emyle Kilcoyne,Demyansk,Russia,21,(981) 3240530
350588,Christi Hebbard,Solna,Sweden,58,(754) 5155024
166349,Kylila Goundry,Ivyanyets,Belarus,70,(606) 3264110
311653,Luigi Montilla,São Tomé,Portugal,60,(579) 1024016
762454,Toby Guidera,P’asanauri,Georgia,2,(433) 8541164
235120,Shirlene Braizier,Pršovce,Macedonia,20,(818) 9507296
403970,Igor Ferras,Karpushikha,Russia,39,(396) 8602561
900364,Renata Guilder,Lysyanka,Ukraine,78,(760) 7111981
597819,Pincus Bottrell,Borovany,Czech Republic,61,(199) 4163829
193429,Kaleena Tanzer,Linköping,Sweden,20,(881) 4571464
145262,Kori Hylton,Domsjö,Sweden,98,(672) 3949003
373664,Burgess Sterke,Mospyne,Ukraine,86,(332) 4649936
339506,Karylin Kildahl,Guarda Nova,Portugal,76,(510) 6773128
641074,Erma Constable,Seixo,Portugal,2,(613) 4679214
693135,Wren Sherratt,Ulricehamn,Sweden,88,(747) 7850157
453936,Flossi Bonaire,Slobodnica,Croatia,41,(773) 6579905
213267,Karil Redbourn,Omutninsk,Russia,59,(518) 2834180
739970,Anders Plaide,Carrigaline,Ireland,35,(844) 1879780
611006,Otto Hartop,Zelenograd,Russia,27,(387) 6665430
628201,Phylis Trusler,Yelenendorf,Azerbaijan,55,(615) 8891663
221202,Puff Yegorovnin,Hoktember,Armenia,16,(293) 1264314
368832,Tynan Pinnion,Drochia,Moldova,47,(302) 8705283
263064,Cornelia Henri,Oslo,Norway,87,(450) 6103594
553301,Carri Scales,Kolchikón,Greece,82,(530) 9578175
034605,Denys Lidster,Caherconlish,Ireland,73,(590) 6710311
989142,Garrard Escoffier,Mosty,Poland,9,(981) 5499914
735394,Debra Ceci,Ulricehamn,Sweden,10,(480) 2821728
275776,Maddie Trahear,Le Havre,France,43,(494) 3469054
131432,Camila Jelf,Inta,Russia,64,(680) 8071452
306201,Lenka Blight,Shuvakish,Russia,32,(261) 4496974
309309,Stefa Schust,Saramech,Armenia,59,(962) 2362478
941281,Roxanna Abramsky,Psachná,Greece,20,(304) 6109722
795169,Brock Popland,Casais de Revelhos,Portugal,32,(268) 1875051
426529,Shea Campa,Novi Kneževac,Serbia,28,(395) 7546806
111963,Doralia Poytheras,Rechitsy,Russia,72,(150) 7562031
897034,Faunie Gracewood,Tromsø,Norway,86,(475) 8935650
045579,Joycelin Postgate,Gyumri,Armenia,36,(467) 2082565
082365,Fabiano Gilardoni,Imatra,Finland,12,(320) 9558152
707354,Westleigh Allderidge,Hoktember,Armenia,16,(904) 3306540
301459,Eugene Dunlop,Ripky,Ukraine,95,(710) 1130832
783504,Tallie Atterley,Medvedok,Russia,61,(944) 6279763
017123,Kleon Veale,Selce,Macedonia,61,(527) 2894838
152772,Guthrie Rupp,Vyshneve,Ukraine,89,(460) 6842154
971670,Georgena Melmore,Lappi,Finland,53,(481) 4330792
654098,Siegfried Demangel,Šumperk,Czech Republic,82,(692) 8316094
130446,Maridel Swanne,Vynohradivka,Ukraine,10,(294) 7173696
787696,Stella Peasby,Świecie nad Osą,Poland,27,(382) 5811028
925502,Carlynne Ciccottini,Dubrovnik,Croatia,30,(406) 6234492
800926,Karole Grigorushkin,Croix,France,92,(243) 8385209
527440,Mab Ebdon,Tyachiv,Ukraine,76,(620) 5214576
643607,Ellswerth Coit,Korniyivka,Ukraine,8,(790) 1027843
411949,Evelin Brisley,Kysyl-Syr,Russia,88,(212) 8078432
044966,Cristen Partington,Batumi,Georgia,85,(845) 5828070
589807,Jacqui Geering,Mahdalynivka,Ukraine,49,(513) 6337508
028499,Cathryn Ireson,Troyits’ke,Ukraine,20,(908) 3627290
256083,Terrence Andrejevic,Tandzut,Armenia,59,(981) 3766174
587027,Taddeo Tomasicchio,Plavsk,Russia,31,(181) 2569571
048089,Emyle Ingilson,Murygino,Russia,51,(217) 5488550
821883,Kikelia Spurriar,Södertälje,Sweden,91,(221) 4580077
999770,Levin Le Fleming,Traganón,Greece,63,(453) 2493065
495790,Carlye Frend,São Pedro,Portugal,69,(182) 5296843
602918,Goldarina Sawford,Ponte,Portugal,24,(297) 9441323
231521,Forbes Thrift,Vatutino,Russia,22,(949) 1930235
140091,Kelby Brixey,Blois,France,50,(497) 6623425
834066,Eduino Feighry,Voznesenskaya,Russia,51,(658) 8275056
126457,Scarlett Bellord,Myski,Russia,45,(741) 5880052
552224,Tibold Swaden,Hrvace,Croatia,35,(106) 8513588
743912,Melinda Fealy,Stockholm,Sweden,16,(391) 1613794
002047,Karen Gerrard,Khasavyurt,Russia,79,(300) 8212940
914867,Vicki Godlonton,Provins,France,59,(836) 9816034
442261,Carol Skryne,Épinal,France,66,(825) 8576837
793620,Bibbye Pleavin,Oslo,Norway,88,(314) 2296965
269833,Roslyn Bixley,Ellinikó,Greece,38,(279) 6903663
782504,Callean Woodard,Aravissós,Greece,75,(197) 2854439
974597,Kain Oldam,Jabłonowo Pomorskie,Poland,32,(852) 8518466
272118,Welsh Bygate,Broumov,Czech Republic,5,(761) 8956523
921608,Kennith MacSween,Tatariv,Ukraine,26,(411) 3728773
608910,Darwin Burdett,Warsaw,Poland,2,(972) 3383098
073834,Roderigo Bustin,Karlskoga,Sweden,64,(933) 5798796
609430,Hazel Guerro,Gnieżdżewo,Poland,18,(365) 8998976
543974,Madeleine Phorsby,Adorjan,Serbia,37,(696) 9318288
241843,Larina Schoenleiter,Jablonec nad Nisou,Czech Republic,46,(678) 7400589
523705,Cameron Beeck,Pergamos,Cyprus,70,(736) 2920819
987946,Madeline Romaine,Oslo,Norway,54,(372) 1045419
148737,Lloyd Curme,Šabac,Serbia,72,(302) 2818789
822901,Morly Leverett,Caldas das Taipas,Portugal,13,(645) 9566289
925350,Marji Normanvell,Arnage,France,55,(689) 8130095
773124,Elfreda Verdon,Carrascal,Portugal,76,(262) 1761614
043591,Emilee Wiper,Brodnica,Poland,74,(899) 8744226
305337,Eziechiele Gommery,Olenegorsk,Russia,8,(861) 3996852
117047,Dante Jeromson,Likhobory,Russia,53,(407) 5937524
989158,Penny Pagitt,Pentre,United Kingdom,77,(682) 7563849
461478,Abby Bardey,Conqueiros,Portugal,68,(296) 9555720
916715,Anita Camplejohn,Krasnapollye,Belarus,14,(334) 1676611
027575,Nealson Kohrt,Krylovskaya,Russia,25,(304) 5196554
763856,Anson Mardee,Uście Gorlickie,Poland,4,(250) 1320576
996777,Mariya Schwartz,Popova,Russia,15,(121) 2439210
320874,Ty Bartoszek,Karnice,Poland,1,(136) 9413669
543003,Britney Hembling,Caldas das Taipas,Portugal,62,(961) 4008614
069666,Jeralee Lenglet,Alingsås,Sweden,10,(600) 1181414
953787,Emmie Bembrick,Veliki Preslav,Bulgaria,2,(431) 4844246
726026,Alvinia Burbridge,Vila de Rei,Portugal,89,(201) 3755401
971293,Odey Pickavance,Ljig,Serbia,4,(216) 5222687
637749,Eustace D'Elia,Marseille,France,37,(449) 2362114
393292,Ario Coggill,Flor da Rosa,Portugal,82,(962) 4973376
587109,Zane Revey,Nürnberg,Germany,30,(577) 2021229
769223,Mick Oehm,Kapan,Armenia,45,(925) 1339468
142096,Richardo Gianinotti,Furmanov,Russia,74,(270) 8472112
243893,Dino Ascrofte,Voronezh,Russia,85,(553) 1619162
367589,Nomi Badman,Venlo,Netherlands,40,(318) 7112980
715442,Jennica Quinney,Linköping,Sweden,59,(252) 1893547
683217,Ainsley Gerholz,Vincennes,France,17,(698) 5755405
416952,Loni Gaunson,Donetsk,Ukraine,29,(498) 1725448
237752,Cornell Wield,Opatów,Poland,24,(480) 6836057
612576,Jeniece Glasbey,Białobrzegi,Poland,38,(406) 4543740
902659,Andrea Craig,Svetogorsk,Russia,27,(564) 5789907
548532,Tudor Alvey,Eindhoven,Netherlands,91,(208) 9605170
098084,Gram Joire,Listvyanka,Russia,96,(109) 3826024
479494,Minne Stafford,Bordeaux,France,61,(643) 6522839
321268,Gregory Manders,Brloh,Czech Republic,62,(887) 6653610
929841,Pauly Silverthorne,Ujar,Azerbaijan,17,(254) 8749691
818123,Cazzie Kirsz,Berovo,Macedonia,63,(624) 3060165
426219,Rosemonde Pipet,Esso,Russia,62,(718) 5109896
270054,Wilfred McGooch,Arcachon,France,99,(409) 2604075
380730,Kevin Cordon,Chuguyevka,Russia,68,(282) 1240932
046991,Chancey Gowar,Monte Redondo,Portugal,96,(764) 8724048
294317,Ludovico Chartre,Roanne,France,80,(268) 3242253
426227,Katharine Jeppe,Cachada,Portugal,88,(641) 8148485
573523,Luciana Humburton,Bayonne,France,18,(870) 6545628
567549,Sybil Colrein,Regnów,Poland,44,(312) 1896969
147650,Sybille Songer,Nancy,France,92,(471) 6604300
516031,Amalia Harback,Dukhovnitskoye,Russia,77,(116) 6483121
316032,Ray Faichnie,Aubervilliers,France,72,(370) 5724016
972003,Erick Clifforth,Sumy,Ukraine,63,(673) 8243886
148939,Darcee Gockeler,Verd,Slovenia,75,(626) 2476414
145148,Sukey Wingrove,Kirovskiy,Russia,60,(997) 9362230
020690,Levey Fone,Labruge,Portugal,63,(242) 9792239
713558,Karalee McGuinness,Parzęczew,Poland,62,(998) 2840874
584895,Claus Nielson,Peza e Madhe,Albania,16,(535) 5893905
326882,Gerhardine Lickorish,Kaliska,Poland,95,(921) 3300923
705507,Tedman Bransdon,Verkhnyachka,Ukraine,12,(750) 5721161
094230,Sullivan Gallard,Olenyok,Russia,80,(867) 4954688
743000,Janifer Gloster,Marevo,Russia,95,(666) 3435066
091745,Sharia Conybear,Derbent,Russia,91,(415) 6020789
972243,Alvis Sanzio,Jablunkov,Czech Republic,83,(270) 2673248
735416,Retha Malkinson,Pamyat’ Parizhskoy Kommuny,Russia,76,(384) 8067194
824929,Mortimer Luc,Metz,France,15,(374) 6222739
482269,Stefan Youdell,Brčko,Bosnia and Herzegovina,20,(701) 3334093
150773,Spenser Warrick,Dalsjöfors,Sweden,94,(189) 5249340
113348,Ossie Moorhead,Enschede,Netherlands,91,(668) 8589885
717307,Cleve Witson,Skara,Sweden,1,(255) 8214259
500438,Lind Grisenthwaite,Hvozdná,Czech Republic,65,(442) 7869663
320688,Hulda Luckhurst,Colares,Portugal,59,(418) 8679449
849617,Brigit Reffe,Malinovoye Ozero,Russia,66,(247) 4337235
552467,Angus Ollander,Yelenendorf,Azerbaijan,78,(597) 8772698
880424,Teddie Lillie,Veselí nad Moravou,Czech Republic,82,(187) 2480085
963942,Burlie Hollebon,Kristianstad,Sweden,82,(690) 3867319
695892,Abner Kleinholz,Ordino,Andorra,30,(157) 1687265
517883,Arte Gaylord,Loket,Czech Republic,74,(518) 6660093
073259,Basia Spurret,Church End,United Kingdom,22,(233) 9225702
025755,Demott Prangnell,Kombësi,Albania,79,(825) 6214216
425523,Louie Corsor,Dardhas,Albania,29,(877) 8934135
125169,Fiorenze Egginton,Dobřív,Czech Republic,88,(246) 3943332
832833,Valentina Coopman,Alcorriol,Portugal,52,(585) 5848624
246342,Tessa Muehle,Třebíč,Czech Republic,5,(543) 3998054
218104,Samantha Rudolfer,Maszkienice,Poland,13,(686) 4073276
941633,Elden Jina,Berestechko,Ukraine,28,(113) 4433095
497793,Gunar Frend,Marinići,Croatia,69,(155) 7049342
479792,Katha Boultwood,Osveya,Belarus,83,(650) 1880852
771492,Frankie Lovart,Saint-Étienne,France,54,(418) 5609873
714142,Nancy Pavlovic,Ráječko,Czech Republic,32,(221) 2438742
350043,Todd Haquard,Longwy,France,91,(630) 3226287
420539,Alane Probets,Le Mans,France,100,(459) 4615420
457692,Marillin Eglington,Brody,Ukraine,51,(860) 3385376
243719,Rayshell Van der Velde,Luhansk,Ukraine,28,(171) 4553867
169206,Zelig Shavel,Tikhoretsk,Russia,5,(546) 7599526
447528,Kayley Deverale,Töreboda,Sweden,89,(152) 8667850
769671,Drud Denisyuk,Vygonichi,Russia,10,(693) 5712038
534500,Cristy Partridge,Rublëvo,Russia,8,(265) 6769464
129729,Constance Pottle,Nieuwegein,Netherlands,22,(892) 9928674
727528,Pearle McInility,Nova Praha,Ukraine,90,(700) 7229325
593053,Vinny Danilchik,Zselickislak,Hungary,2,(402) 8634894
253119,Elbertine Courage,Zheshart,Russia,95,(381) 3543453
441568,Violet Clotworthy,Khotiv,Ukraine,62,(927) 1150848
316017,Ronnie Huie,Loivos,Portugal,62,(200) 5003486
044524,Laura Kindley,Boleiros,Portugal,26,(736) 1167706
624330,Cassey McLay,Otlja,Macedonia,81,(220) 5596879
908123,Bastien Ravel,Borodino,Ukraine,87,(257) 3799705
529636,Raviv Hulstrom,Chusovoy,Russia,7,(436) 8215927
986734,Samuele Meo,Tyoply Stan,Russia,59,(116) 1162694
937056,Robinette Wilsher,Březová,Czech Republic,51,(233) 2037670
730367,Florencia Tame,Sankt Andrä-Höch,Austria,66,(303) 8768676
115889,Orsola Tawton,Ponte da Pedra,Portugal,36,(426) 1537074
976930,Adolph Ellit,Creil,France,59,(134) 6756554
618742,Bridget Vines,Slatina,Croatia,18,(281) 5617934
798342,Neile Kayes,Crumlin,Ireland,33,(167) 7855324
710627,Kev Gritsaev,Hostouň,Czech Republic,27,(635) 8621780
874506,Nyssa Aird,Krouna,Czech Republic,39,(403) 6152969
979952,Jewel Boldt,Bologna,Italy,15,(614) 8978047
266927,Myron Planks,Ventsy,Russia,51,(949) 9130300
604152,Lorens McAlpin,Privlaka,Croatia,45,(335) 7096993
302567,Lidia Tessier,Le Havre,France,75,(475) 9662255
080865,Rozanne Norkutt,Svrljig,Serbia,40,(970) 3558851
320863,Erl Sweatman,Péruwelz,Belgium,25,(266) 4618790
337816,Maureen Mingus,Koper,Slovenia,5,(737) 3473739
786975,Laurene Scrogges,Usman’,Russia,50,(734) 3391671
790537,Ron Dahlback,Besançon,France,14,(505) 3248491
062086,Raleigh felip,Umeå,Sweden,82,(741) 3547419
736504,Dalia Morrott,Granica,Poland,62,(336) 8650820
165897,Alfi Sweeting,Leganes,Spain,19,(971) 2385313
750325,Uriel Braunlein,Vélizy-Villacoublay,France,81,(177) 7143200
287846,Tremain Pobjoy,Sumy,Ukraine,28,(185) 9929526
948590,Kellsie Cockerell,Gornji Grad,Slovenia,46,(380) 2077457
996567,Chelsea Mc Faul,Saint-Cloud,France,35,(242) 8094513
164378,Taylor Lannin,Freiria,Portugal,67,(613) 2787863
585058,Reece Phelp,Horní Stropnice,Czech Republic,31,(430) 3717510
396675,Nealon Pietri,Żabbar,Malta,29,(274) 7463080
075707,Godfree Saket,Anton,Bulgaria,90,(199) 4723575
656685,Nikolaus Jersch,Blagodatnoye,Russia,2,(833) 7236083
501420,Viviene Durman,Shelopugino,Russia,6,(141) 4147827
397130,Nanete Mcimmie,Kingscourt,Ireland,3,(228) 5351700
397671,Rahal MacTrustie,Xibër-Murrizë,Albania,16,(792) 3241700
237557,Uriel Skelbeck,Chotcza,Poland,1,(325) 9539280
077863,Conroy Bercher,Lahishyn,Belarus,16,(696) 3457067
352574,Tomas Gameson,Bezenchuk,Russia,23,(590) 6981592
369145,Rebe Booth,Jadowniki,Poland,98,(952) 1273655
777435,Damiano Duham,Porosozero,Russia,44,(514) 8202448
303499,Margaux Coghlan,Trondheim,Norway,13,(561) 1729100
610980,Mady Napthine,Verkhniy Baskunchak,Russia,86,(873) 5857145
759378,Lewie Warmisham,Petrovsk,Russia,81,(985) 5714330
967341,Violante Beccero,Krasnofarfornyy,Russia,93,(667) 9476573
464281,Kassandra Feitosa,Kungsör,Sweden,43,(490) 6817488
291648,Gretna Bollin,Zharrëz,Albania,4,(478) 4493092
699442,Martyn Laker,Vittoriosa,Malta,82,(259) 3322615
958475,Baryram Brainsby,Tayturka,Russia,72,(277) 3260944
506192,Lay Edelmann,Nevesinje,Bosnia and Herzegovina,32,(224) 9891240
884056,Merell Huggard,Dębnica Kaszubska,Poland,71,(108) 3869624
484072,Ingelbert Le Floch,København,Denmark,77,(785) 1151324
125047,Letta Franschini,Novyy Starodub,Ukraine,84,(815) 5894558
082425,Annecorinne Tremble,Bašaid,Serbia,51,(754) 7726884
196907,Yettie Davitti,Killumney,Ireland,22,(927) 7032076
610794,Solly Chesney,Duboka,Serbia,29,(649) 6304750
186587,Yoko Harrild,Brzeszcze,Poland,13,(558) 3427831
023240,Francoise Picheford,Krzyżowice,Poland,46,(410) 4831681
396231,Owen Kidd,Voznesenskaya,Russia,6,(986) 8277864
550852,Jeremie Durdle,Gazimurskiy Zavod,Russia,87,(330) 6048543
574591,Ursa Billing,Chavusy,Belarus,67,(932) 5442421
354786,Hillery Ethridge,Sezimovo Ústí,Czech Republic,2,(860) 5936608
581135,Kacey Dunley,Tambovka,Russia,38,(564) 6015295
468841,Beryle Stollard,Złotoryja,Poland,46,(859) 4721866
627687,Gwenneth Feldhuhn,Lübeck,Germany,25,(879) 3023127
032788,Caty Mousby,Tibro,Sweden,31,(339) 5477704
960462,Mame Pudsall,Pirg,Albania,71,(553) 5116943
330369,Lynda Osipenko,Solna,Sweden,64,(299) 6167124
441255,Boyce Leroux,Budapest,Hungary,30,(316) 8387113
771774,Ikey Duffus,Yelets,Russia,4,(953) 7348732
950174,Wynny McIlharga,Vällingby,Sweden,22,(935) 6927525
865414,Lindi Bello,Obryte,Poland,17,(828) 8353574
930785,Colver Bluett,Épinal,France,5,(675) 3555944
765839,Holly-anne Thay,Wielbark,Poland,75,(596) 4407513
649741,Yale Conibear,Milano,Italy,25,(300) 2697609
264542,Brandie Boise,Fyllingsdalen,Norway,33,(605) 6623155
136273,Celia Gocher,Velikovechnoye,Russia,27,(342) 6660684
516536,Ogden Cooley,Lons-le-Saunier,France,71,(218) 9731566
086747,Trumann Longlands,Alfortville,France,37,(554) 5961337
580113,Chen Extall,Khuzhir,Russia,16,(725) 5871076
795082,Retha Ternent,Ugljan,Croatia,32,(795) 7843174
564690,Ivette Chopping,Tsil’na,Russia,57,(205) 4565384
432585,Virgil Wortt,Kamennyye Potoki,Ukraine,37,(309) 1770363
971642,Gustavus Raffin,Alingsås,Sweden,88,(431) 4067885
473813,Krista Laurens,Borgholm,Sweden,13,(297) 3172437
179281,Johna Brixey,Stari Bohorodchany,Ukraine,66,(939) 5362320
064394,Jackelyn Triswell,Dimitrovgrad,Bulgaria,23,(842) 4018887
533968,Lindsey Petworth,Valladolid,Spain,8,(828) 9975703
901659,Vaughn Heak,Murmansk,Russia,58,(153) 9339130
556434,Raquel Favell,Örnsköldsvik,Sweden,42,(551) 7463829
908579,Karine Strainge,Nyköping,Sweden,36,(827) 6060289
018789,Ginnifer Brommage,Masty,Belarus,34,(441) 4845139
982486,Carolyn Sodor,Bukowina Tatrzańska,Poland,19,(257) 4938053
043021,Caritta Thorburn,Daugai,Lithuania,9,(499) 6953801
167397,Sullivan Amos,Medvezh’yegorsk,Russia,65,(169) 9078016
563072,Roosevelt Toderi,Shamakhi,Azerbaijan,59,(873) 9713574
237909,Tresa Doulden,Staffanstorp,Sweden,66,(709) 5767127
316831,Sherman Bernard,Dnipryany,Ukraine,59,(221) 7759530
201181,Gale Smye,Turbiv,Ukraine,27,(186) 3112411
642375,Demott McPeake,Malakhovka,Russia,10,(165) 8363502
699598,Whit Trewhela,Osieczna,Poland,2,(961) 6546010
484024,Andie MacCaughen,Bamut,Russia,52,(885) 6861854
437654,Randolph Myrkus,Orvalho,Portugal,67,(830) 3168676
864965,Neil Poolman,Castainço,Portugal,2,(370) 4130001
241532,Rhody Arzu,Kamenjane,Macedonia,77,(644) 2441973
188212,Rosalyn Hinge,Pilníkov,Czech Republic,4,(668) 9347966
935511,Lynsey Wankel,Goyty,Russia,50,(598) 4928994
624449,Urbain McWilliams,Černelavci,Slovenia,65,(781) 8448518
595825,Trstram Whitecross,Remiremont,France,89,(507) 5253087
484178,Ganny Deveraux,Příbram,Czech Republic,53,(561) 6383517
294960,Zorina Vye,Marseille,France,17,(937) 2995166
018582,Arv Shipton,Mirotice,Czech Republic,25,(142) 3327028
230215,Erinna Creed,Metsamor,Armenia,88,(199) 9722969
721435,Ermina Fletcher,Buckland,United Kingdom,72,(521) 7781670
932927,Arne Twells,Metz,France,42,(764) 9480252
059270,Sauveur Pogg,Troyes,France,83,(437) 8149332
724788,Nert Belsey,Valladolid,Spain,52,(794) 6042664
950359,Gweneth Galliard,Béthune,France,10,(772) 6284683
610737,Ailyn Caser,Lensk,Russia,93,(433) 7848127
330973,Cornelle McIlwain,Östersund,Sweden,18,(835) 4595394
244361,Robina McDool,Karlstad,Sweden,55,(654) 3963737
123810,Lucy Pauley,Velké Opatovice,Czech Republic,85,(923) 7514502
300704,Jerald Angeau,Lavradio,Portugal,61,(590) 1833610
281099,Trescha Marcome,Hroznětín,Czech Republic,3,(547) 6128141
801419,Thea Gawen,Klokot,Kosovo,60,(685) 7070834
129936,Yevette Southerell,Puteaux,France,50,(616) 2382023
859675,Zita Wanless,Firminy,France,8,(696) 6501388
126928,Celinka Braime,Domont,France,65,(882) 3976037
502001,Gunner Burfitt,Niš,Serbia,16,(222) 5649877
713017,Annissa Maryman,Opatów,Poland,76,(742) 5471070
354893,Maia Sickert,Pomar,Portugal,69,(114) 7401442
294386,Kylila Livingstone,Melíki,Greece,39,(797) 4793698
028835,Dode Hartridge,Avignon,France,5,(350) 2297862
616596,Kara-lynn Gossling,Lyon,France,27,(829) 1947336
062040,Kane Reddin,Ulluaya,Russia,19,(467) 8627358
152522,Sofia Armytage,Novocherkassk,Russia,18,(363) 7550713
437364,Taryn Creavan,Marki,Poland,41,(217) 3164481
882188,Phip Dummett,La Rochelle,France,47,(917) 6059211
265497,Nickie Kid,Tvrdonice,Czech Republic,65,(143) 2205436
656553,Eileen Coyett,Glazov,Russia,60,(211) 4563503
843235,Kristina ducarme,Steinfort,Luxembourg,39,(487) 2504078
461488,Theodosia Caley,Carcassonne,France,28,(284) 7495841
179098,Crawford McCormick,Jönköping,Sweden,67,(226) 6497104
729560,Pansy Greatham,Laslovo,Croatia,61,(601) 2827616
166587,Harv Tabner,Soutinho,Portugal,88,(111) 5528530
301347,Corilla Tixall,Novi Bilokorovychi,Ukraine,61,(799) 9027422
214616,Gerik Perks,Monte de Trigo,Portugal,95,(214) 1589484
201828,Major McMenamin,Zruč nad Sázavou,Czech Republic,64,(242) 8449209
261371,Park Orrice,Ariz,Portugal,60,(874) 1530509
771538,Josephine Leith,Göteborg,Sweden,6,(191) 5451425
877207,Rhetta Lagneaux,Nowy Duninów,Poland,8,(417) 7765037
364903,Annmarie Yankishin,Castanheira,Portugal,79,(795) 6517836
131321,Kaia Treverton,Ladoeiro,Portugal,85,(219) 3013201
638245,Maurie Itzkowicz,Drammen,Norway,60,(110) 9338537
804089,Deeann Crowley,Johanneshov,Sweden,36,(869) 9770285
128485,Mortimer Oldfield-Cherry,Selce,Macedonia,32,(333) 3730474
398402,Rossy Tingey,Arcueil,France,63,(155) 4422581
477884,Sophie Erni,Józefosław,Poland,95,(746) 4194932
413644,Letta Donaho,Valdice,Czech Republic,2,(721) 5815067
577851,Cathee McAlpine,Yoshkar-Ola,Russia,91,(259) 1784345
442499,Mercie Verney,Bor,Russia,7,(973) 7203977
005392,Orlando Witherup,Turnišče,Slovenia,32,(186) 3465500
453704,Valera Habble,Paris La Défense,France,53,(411) 3264292
531631,Dexter Keningley,Trzciana,Poland,98,(781) 5431530
761550,Pail Gilfether,Horad Pinsk,Belarus,30,(283) 7043157
183870,Auria Gaul,Élancourt,France,12,(181) 5154617
772659,Jessie Hardison,Ararat,Armenia,54,(567) 4832849
232437,Godfrey Filchakov,Lyuban’,Russia,86,(912) 5003866
728152,Kelcy Dibdin,Aveiro,Portugal,98,(734) 2211531
690991,Delilah Lisciandro,Argivai,Portugal,64,(868) 7941484
276043,Reinaldos Ballach,Mar’ina Roshcha,Russia,19,(533) 9878300
132624,Herbie Kilbane,Molsheim,France,64,(791) 3020112
973246,Sile Green,Bubullimë,Albania,94,(516) 2360562
443821,Chrysler Lacelett,Örebro,Sweden,15,(843) 3669141
815836,Trudey Scudamore,Strání,Czech Republic,77,(848) 7721978
425777,Gui Vela,Lovas,Croatia,6,(291) 9921413
558986,Adelaida Tremlett,Trzebinia,Poland,23,(640) 9684308
986188,Jarrod Flori,Kouloúra,Greece,71,(681) 5921416
332679,Peggy Mitham,Konče,Macedonia,5,(492) 6327824
060095,Dorothy Isworth,Dobřany,Czech Republic,74,(509) 2973168
323341,Jane Escot,Vatutino,Russia,68,(717) 9000267
228187,Gavra Thulborn,Boavista,Portugal,2,(326) 6358143
897308,Allissa Kuzma,'s-Hertogenbosch,Netherlands,40,(569) 8040724
865393,Kathe Pudding,Zebrzydowice,Poland,18,(198) 9099486
540223,Carlos Fulks,Marsaxlokk,Malta,48,(750) 8899980
504959,Susannah Feely,Fantan,Armenia,86,(446) 2915646
924223,Rosamond Gladding,Le Havre,France,92,(950) 4294477
279557,Abbey Devlin,Flen,Sweden,91,(511) 3036674
124916,Meghan Pheasant,Alverca do Ribatejo,Portugal,69,(139) 3172625
556514,Marita Saby,Pelópion,Greece,93,(153) 8131788
541581,Basilius Billin,Mouhijärvi,Finland,43,(528) 7402021
861572,Marshall Murrow,Sosnovoborsk,Russia,2,(683) 4876621
449145,Torey Adcocks,Zipárion,Greece,73,(416) 8569077
364705,Adams Layfield,Skellefteå,Sweden,25,(916) 3879310
265749,Davidde Cresser,Jäppilä,Finland,66,(402) 8284729
679852,Forester Hansel,Blarney,Ireland,23,(391) 3012386
985101,Rosalinda Dandy,Paris 05,France,34,(352) 4176085
951494,Valaree Glandfield,Milówka,Poland,28,(442) 1564912
394447,Lucias Moye,Kostopil’,Ukraine,48,(603) 8629872
690022,Phip Perfect,Neuilly-sur-Seine,France,61,(121) 8658682
943796,Elnore Braunes,Novomoskovsk,Russia,69,(430) 5478417
810943,Duffy Nuemann,Ulricehamn,Sweden,55,(283) 2929138
237391,Elizabet Purkiss,Limoges,France,93,(168) 1664876
681037,Zaccaria Ekkel,Frýdlant,Czech Republic,11,(678) 4169018
657230,Margeaux Lunk,Carrascal,Portugal,74,(434) 8624273
735984,Giselbert Pranger,København,Denmark,88,(981) 4859505
034506,Trumann Kenvin,Vecpiebalga,Latvia,8,(520) 9312743
814953,Katuscha Anning,Yelenendorf,Azerbaijan,35,(156) 4209004
231007,Raimund Bauman,Frederiksberg,Denmark,43,(239) 1243942
399924,Noll Blasio,Mertert,Luxembourg,36,(380) 9801083
427110,Stuart Lewknor,Broniszewice,Poland,48,(789) 8594323
474551,Averil Polotti,Kylmäkoski,Finland,72,(390) 8374487
413350,Meriel Hintzer,Picoto,Portugal,5,(887) 2021418
364177,Jeremiah Innocent,Aix-en-Provence,France,31,(648) 9595769
419681,Gerri Chalfant,Ferreira do Alentejo,Portugal,8,(583) 2202840
070079,Ray Klausewitz,München,Germany,81,(105) 8708068
361282,Lewie Bott,Kramators’k,Ukraine,19,(438) 5227974
876237,Mirabella Mawford,Mikstat,Poland,98,(894) 5529379
995859,Corabelle Camelli,Ursk,Russia,22,(251) 3723145
159713,Fenelia Wardhaugh,Bambakashat,Armenia,79,(695) 2312775
334722,Viole Goldine,Simo,Finland,38,(785) 4347164
773360,Wallis Couper,Dzyatlava,Belarus,72,(919) 3971753
871621,Ainsley Dagless,Orhei,Moldova,68,(220) 1362406
268225,Willa Steward,Pyatovskiy,Russia,17,(935) 1170722
512055,Julio Herrema,Miragaia,Portugal,50,(870) 1150873
509497,Caron Youhill,Zhulebino,Russia,80,(817) 1292198
108838,Tomi Jonuzi,Chornobay,Ukraine,41,(594) 3002733
622741,Marena Oller,Tuplice,Poland,2,(922) 2165164
571306,Shanta Sivior,Karlstad,Sweden,23,(883) 2884661
928586,Stevie Handrahan,Łąka Prudnicka,Poland,12,(410) 9989324
499158,Ruperto Smithe,Angers,France,17,(363) 1023070
588481,Nadine Garfitt,Gândara de Aquém,Portugal,55,(953) 4344551
118856,Mabelle Scuse,Templeogue,Ireland,6,(314) 8789252
399951,Amber Thistleton,Hodoš,Slovenia,19,(211) 7187324
776535,Miriam Oxbrow,Klembivka,Ukraine,91,(870) 8550997
373630,Ronnie MacGillreich,Planá,Czech Republic,72,(334) 2173161
124335,Elenore Stranahan,Varėna,Lithuania,65,(358) 9637333
088849,Lottie McCreery,Sobienie Jeziory,Poland,91,(421) 6617587
964954,Timothy Ruddle,Krmelín,Czech Republic,2,(702) 2559476
937045,Eddy Bristowe,Varybóbi,Greece,73,(589) 8955557
494512,Ave Sheather,Destrnik,Slovenia,85,(365) 6542431
006471,Lief Furley,Přimda,Czech Republic,97,(413) 5895433
492233,Lita De Francisci,Kazanskaya,Russia,46,(359) 5864460
423649,Romain Guerola,Queluz,Portugal,64,(440) 3504742
553912,Claudina Raubheim,Kępno,Poland,89,(629) 2200336
417770,Priscilla Sorensen,Mirosławiec,Poland,74,(295) 7272216
524590,Lisbeth Isherwood,Nîmes,France,47,(678) 1406825
588445,Kathrine St. Pierre,Leudelange,Luxembourg,72,(103) 5278188
082573,Nanine Caudle,Chuchkovo,Russia,94,(436) 6978980
154634,Vanessa Cratere,Lagyná,Greece,80,(661) 5880693
781178,Brnaby Rustadge,Paris 09,France,1,(994) 1917868
206459,Aguistin Vallintine,Greenhills,Ireland,46,(874) 1624302
058604,Desi Walework,Sundsvall,Sweden,17,(931) 3791890
286786,Natale Gounet,Quintas,Portugal,1,(115) 6338530
793930,Tiertza Dawtry,Berlin,Germany,99,(756) 6752311
063693,Casi Hannent,Joutsa,Finland,1,(888) 3166171
374587,Flss Pavlata,Quintinha,Portugal,30,(124) 4840245
692515,Edy Indruch,Morfovoúni,Greece,57,(280) 1587381
593849,Norine Ellinor,São Miguel de Machede,Portugal,47,(270) 7625635
970423,Doti Ugoletti,Quintas,Portugal,23,(427) 3239103
356241,Hamnet Ewert,Kharlu,Russia,48,(389) 9017467
615378,Stu Bastiman,Voyskovitsy,Russia,83,(688) 1202815
120388,Virginia Causon,Laholm,Sweden,17,(158) 3710131
156383,Rebbecca Pilipets,Lubowidz,Poland,8,(262) 9369201
939508,Mellie Jorg,Bykhaw,Belarus,24,(849) 4976149
592956,Madlen Mulcock,Bayonne,France,77,(709) 4931990
035279,Marylee Chappelow,La Garde,France,85,(415) 6562989
117477,Shannah Frany,Casal,Portugal,3,(196) 4362278
570009,Catherina Junifer,Nowe Grocholice,Poland,45,(976) 8269956
832690,Corene Pill,Makrýgialos,Greece,62,(113) 1648217
940133,Jule Cancellieri,Labruge,Portugal,31,(526) 1356469
920764,Caroline O'Henecan,Eskilstuna,Sweden,18,(319) 1714514
250278,Laughton Voff,Trnovska Vas,Slovenia,58,(139) 4541748
435911,Corinne Crabbe,Umeå,Sweden,47,(751) 5329683
973949,Clemmie Thumann,Torez,Ukraine,58,(502) 7487571
522849,Myrtia Dooland,Zavet,Bulgaria,99,(903) 2268803
597716,Horatia Mawditt,Kičevo,Macedonia,26,(759) 7928817
579867,Susanne Ghiriardelli,Piskivka,Ukraine,73,(590) 8690183
372644,Raffarty Sonnenschein,Köln,Germany,62,(919) 4452892
241955,Sybilla Bretherick,Aldeias de Cima,Portugal,6,(736) 4757108
852033,Odele Brownsall,Všemina,Czech Republic,19,(598) 4654283
760321,Cairistiona Smeal,Varge Mondar,Portugal,92,(206) 2811667
572119,Erena Valentino,Timrå,Sweden,10,(529) 7512169
446388,Livia Kingswoode,Troitskoye,Russia,62,(281) 1451188
719781,Holly Busst,Zastávka,Czech Republic,44,(343) 7010233
355140,Bertha Welfare,Turki,Russia,88,(385) 9633686
510041,Donny Ockleshaw,Vroutek,Czech Republic,29,(601) 1156933
749759,Yanaton Bernardot,Recarei,Portugal,47,(868) 5444519
993018,Kennedy Causon,Utajärvi,Finland,93,(747) 1372004
122604,Moreen Wrintmore,Konče,Macedonia,94,(583) 9800903
231336,Noel Shailer,Trondheim,Norway,19,(114) 4323779
396202,Gertrud Keming,Osiek,Poland,59,(735) 9032100
980364,Dal Legen,Miras,Albania,84,(620) 7430018
673527,Valentina De Mico,Siewierz,Poland,31,(257) 4907514
483654,Corinna Ech,Blatnica,Bosnia and Herzegovina,47,(893) 1509988
050979,Garrott Cockran,Ventspils,Latvia,89,(754) 4766618
542543,Elane Codron,Jejkowice,Poland,100,(772) 9260949
728481,Kinna Culvey,Jakubowice Murowane,Poland,93,(279) 6693752
444175,Wallache Sebastian,Archángelos,Greece,53,(244) 6071036
592367,Cindi Loines,Hamburg Sankt Pauli,Germany,53,(952) 1188592
090512,Giffer Anderl,Tsaritsyno,Russia,51,(475) 8887548
975420,Rori Scarr,Pirallahı,Azerbaijan,49,(597) 9288972
156294,Dael Ripon,Sambir,Ukraine,96,(218) 2789480
390930,Rees Atrill,Churovichi,Russia,13,(655) 2894147
035719,Janaya Nestle,Paris 07,France,49,(379) 5098772
566650,Garret Brouwer,Eindhoven,Netherlands,46,(125) 6883896
714733,Orland Danell,Kerkrade,Netherlands,65,(569) 2100737
848512,Freda Shewon,Nelahozeves,Czech Republic,100,(981) 4310592
458970,Dyane Brackpool,Markova,Ukraine,83,(257) 4492278
135371,Alex Manueau,Paris 12,France,39,(220) 4614718
524338,Silvester Croson,Nynäshamn,Sweden,12,(217) 2273269
503582,Zacharie Panner,Novomoskovsk,Russia,37,(805) 2988804
915057,Freda Serck,Vrangel’,Russia,56,(597) 1218292
612874,Alwin Hothersall,Svetlanovskiy,Russia,69,(659) 1829471
105049,Hakeem Blizard,Oslo,Norway,58,(856) 7339386
709205,Gery Dumberrill,Néa Ionía,Greece,39,(392) 8289522
543291,Caresse Druitt,Ágios Pétros,Greece,66,(441) 8133878
922516,Lari Meriguet,Rueil-Malmaison,France,35,(454) 3301768
055738,Bronnie Jedrych,Trzciana,Poland,89,(925) 3036157
119668,Brana Obern,Chaves,Portugal,30,(927) 2360637
491667,Ambrosius Lawleff,Sibay,Russia,56,(730) 7128324
986844,Carmel Pattullo,Ukmerge,Lithuania,22,(135) 1451623
424766,See Fairclough,Jazovo,Serbia,21,(225) 4433020
621678,Carlen Norcop,Zelenchukskaya,Russia,45,(242) 6922735
431178,Kerwin Woolston,Montalegre,Portugal,94,(558) 8050308
968067,Corney O'Breen,Malanów,Poland,87,(415) 7839482
971731,Willy Scholes,Tierp,Sweden,33,(722) 4469648
592201,Dominik Smye,Omišalj,Croatia,3,(453) 7295174
292640,Blakeley Bockmaster,Dambořice,Czech Republic,29,(362) 2527320
522624,Graham Campbell,Podgorenskiy,Russia,69,(159) 5232716
700058,Paule Dunbobin,Helsingborg,Sweden,11,(429) 5851168
850520,Kirstyn Tiffney,Mykolayiv,Ukraine,41,(904) 9477175
909165,Torrey Gricks,Ängelholm,Sweden,45,(755) 8403929
212614,Linet Sale,Kučevo,Serbia,40,(258) 7612068
956519,Robinson Brunotti,Baykalovo,Russia,69,(205) 8598798
340796,Wells Roome,Laliki,Poland,8,(479) 7611982
553670,Rock Klugel,Janowice,Poland,18,(596) 4810550
553947,Esme Domican,Casal Novo,Portugal,76,(190) 7036997
988602,Gigi Stephens,Lužani,Croatia,21,(945) 4391575
149725,Marybeth Flecknoe,Landskrona,Sweden,85,(997) 6082646
697121,Maegan Zelake,Caen,France,60,(478) 1812884
714771,Bridie Thresher,Peristerá,Greece,87,(597) 2628516
407520,Kandy Galletley,Zamarski,Poland,28,(650) 8799939
961107,Marjy Harrie,Onsala,Sweden,52,(663) 7361095
027282,Mil Fossitt,Sult,Albania,18,(592) 8288446
478960,Rolph Cossans,Žirovnice,Czech Republic,46,(472) 9151954
959860,Patty Wallen,Opoczno,Poland,90,(235) 4503092
052599,Darsie Lemmer,Tvrdonice,Czech Republic,60,(314) 2845122
628479,Glynn Cardenoso,Sainte-Luce-sur-Loire,France,8,(327) 4205334
261661,Sergent Kinvan,Frydek,Poland,85,(734) 8144870
183382,Jazmin Bolland,Novopokrovka,Ukraine,53,(542) 2181435
540601,Nikoletta Snarie,Obeliai,Lithuania,27,(687) 2620423
357905,Sarena Owtram,Méru,France,6,(413) 7263628
060272,Esra Pitkaithly,Dillenburg,Germany,34,(642) 5447484
556121,Matthieu Ferrone,Ermelo,Portugal,90,(775) 5985656
207185,Allyn Iianon,Privlaka,Croatia,22,(521) 6817117
664616,Eberhard MacGilmartin,Ozërsk,Russia,76,(892) 3216105
149298,Milli Wegner,Pelasgía,Greece,81,(814) 2507090
780594,Gayle Tozer,Verkhneye Kazanishche,Russia,89,(182) 7536159
386118,Jessamyn Woodstock,Couto,Portugal,62,(801) 7757204
373556,Dasha Rochelle,Heřmanův Městec,Czech Republic,55,(483) 8946723
215107,Smith Alexandersson,Grzybowa Góra,Poland,47,(647) 6436989
167697,Bar Holywell,Slovenske Konjice,Slovenia,92,(859) 4590065
839669,Leandra Turmell,Clichy,France,71,(911) 4667677
584001,Rog Saura,Smilavichy,Belarus,28,(786) 2814967
115430,Emalee Leamon,Lagoa,Portugal,56,(861) 5114179
112943,Tamma Woodman,Bryukhovetskaya,Russia,53,(495) 4950689
475905,Karilynn Craney,Vilémov,Czech Republic,60,(568) 1751719
380571,Roi Blanchet,Strezhevoy,Russia,88,(673) 4413535
103008,Gordy Fenemore,Kérkyra,Greece,35,(254) 5051520
787347,Dell Richmond,Luže,Czech Republic,56,(821) 6181761
145352,Hugh Haskett,Tvŭrditsa,Bulgaria,26,(163) 4498401
904752,Daisey Giannasi,Devesa,Portugal,26,(479) 6944421
596757,Reuben Frean,Klwów,Poland,60,(635) 2969979
536661,Tiffani Mallard,Comrat,Moldova,88,(943) 5249044
067808,Zelig Stickland,Dudchany,Ukraine,45,(652) 8479164
152985,Siobhan McLaughlin,Wisła,Poland,84,(508) 8388780
508820,Kenneth Menichillo,Zimovniki,Russia,9,(471) 1843998
588859,Agata Farthin,Agrela,Portugal,12,(256) 8781781
869272,Elene Chastney,Dobre,Poland,57,(649) 3296656
073124,Farley Brandin,Sevlievo,Bulgaria,45,(261) 1498818
934822,Fairfax Fusedale,Charenton-le-Pont,France,31,(995) 8255060
658105,Lynelle Hughf,Rio,Portugal,25,(264) 8630585
381885,Easter Eathorne,Kalpáki,Greece,1,(433) 2886429
247040,Willis Roderigo,Haradzishcha,Belarus,30,(307) 8775367
799056,Malvin Ashmore,Saint-Claude,France,17,(614) 4631001
004422,Glenda Braisher,Bollnäs,Sweden,1,(603) 9956842
634393,Washington Krikorian,Rodotópi,Greece,95,(637) 8501858
983929,Carlin Haggett,Vila de Rei,Portugal,56,(652) 6479533
100862,Janifer Laite,Naushki,Russia,11,(101) 1123565
319281,Cleon Lippard,Sonina,Poland,68,(256) 3276579
847796,Hasty Norrington,Wąbrzeźno,Poland,37,(696) 7145227
857510,Cindie Course,Dijon,France,79,(897) 8483095
939213,Eustacia O'Gleasane,Chojna,Poland,49,(611) 5568333
095900,Yevette Clawson,Sulak,Russia,100,(601) 3931188
672393,Rodie Ettridge,Novhorodka,Ukraine,57,(324) 2024872
394902,Domeniga De Gregorio,Chesma,Russia,54,(689) 2454383
464426,Joshia Firminger,Rio,Portugal,87,(274) 7095961
020876,Shaylah Silbermann,Kurlovo,Russia,25,(607) 7822454
283218,Linea Matiasek,Dzhiginka,Russia,9,(121) 6724051
787696,Abbey Emmett,Berehomet,Ukraine,57,(931) 9382084
320534,Cinnamon Scothorne,Tsarychanka,Ukraine,68,(600) 1638702
486803,Eugenio Trosdall,København,Denmark,72,(727) 8481619
533922,Melamie Yearn,Reims,France,6,(593) 4624961
547015,Lea Cruickshanks,Pryvol’ny,Belarus,49,(982) 6345719
168931,Paulie Short,Samur,Azerbaijan,2,(228) 5136463
770995,Sheffie Gilliver,Kowale Oleckie,Poland,52,(964) 6902257
539198,Tabbi Shivlin,Boxholm,Sweden,3,(323) 2012963
282603,Tammie Heinish,Qutqashen,Azerbaijan,69,(602) 6892931
923693,Kirby Jerke,Krasnogorskoye,Russia,48,(286) 6144873
678084,Chance Spavon,Tuapse,Russia,12,(956) 7675787
719899,Sydney Patron,Shezë,Albania,26,(367) 6035944
769995,Nicoline Curl,Topchikha,Russia,14,(786) 7987810
458082,Kamillah Empringham,Lushnjë,Albania,94,(408) 5764309
550997,Kaitlynn MacHoste,Hostouň,Czech Republic,30,(894) 6181312
464360,Justinian Dumbar,Tomelilla,Sweden,46,(382) 3359299
018105,Veronique De La Hay,Filothéi,Greece,72,(957) 5524877
150426,Vaughan Conerding,Mosteiró,Portugal,36,(741) 7815511
883625,Gunar Maddrell,Ledenice,Czech Republic,97,(946) 7922085
806871,Berky Atrill,Međa,Serbia,41,(954) 8385783
282239,Anastassia Vassel,Apostolove,Ukraine,96,(392) 6485779
010292,Corey Staddart,Myhove,Ukraine,83,(413) 6199924
215307,Rheta Izkovici,Żarnów,Poland,41,(256) 3001818
568852,Torin Yurikov,Doudleby nad Orlicí,Czech Republic,95,(764) 9150909
593479,Dunstan Ragg,Pau,France,48,(963) 2553707
026900,Keely Bradnum,Zbraslav,Czech Republic,46,(563) 3401355
340354,Keven Marsden,Perstorp,Sweden,3,(590) 3197915
600049,Nikaniki Rykert,Bobigny,France,6,(476) 6711066
391714,Irv Atwood,Älvsjö,Sweden,2,(421) 2269437
852826,Tiffani Wenban,Stockholm,Sweden,34,(416) 9265201
554694,Kati Odeson,Mieścisko,Poland,93,(839) 6574977
223906,Andrey Leynham,Debesy,Russia,77,(196) 7497325
981865,Evangelina Thebes,Örebro,Sweden,67,(932) 7958474
041896,Marlee Deveral,Bački Petrovac,Serbia,22,(210) 4745586
652484,Gwen Pinner,Hacıqabul,Azerbaijan,97,(856) 3589653
559076,Bealle Tradewell,Juupajoki,Finland,6,(819) 2617652
950307,Celinka Tate,Kolomyya,Ukraine,86,(586) 2099713
569015,Friedrick Nutman,Saky,Ukraine,64,(605) 8757353
156288,Vail Jezzard,Valenciennes,France,7,(697) 9578612
024579,Deeyn Pettecrew,Radojevo,Serbia,69,(427) 9144458
887747,Michele Eyam,Wola Sernicka,Poland,87,(589) 7183777
006815,Daile Andresen,Dubravica,Bosnia and Herzegovina,15,(692) 1943204
878276,Theodore Salaman,Jablonec nad Nisou,Czech Republic,91,(887) 4542800
295826,Paulo Ratlee,Oslo,Norway,38,(654) 5666765
893826,Mahalia Brunsen,Limbaži,Latvia,81,(658) 4562258
273611,Julissa Pellamont,Mirandela,Portugal,88,(873) 1697319
894364,Ariela Caudwell,Quba,Azerbaijan,16,(705) 7210658
999307,Liana Fronczak,Elvas,Portugal,73,(453) 5413773
808228,Dewitt Stearndale,Pokachi,Russia,26,(854) 4866793
927447,Adelbert Sainteau,Kruševo,Croatia,48,(955) 6353310
664251,Svend Kropp,Chyżne,Poland,3,(374) 3119924
228673,Ethelind Sparwell,Opuzen,Croatia,23,(113) 2543735
614043,Polly McCaskill,Antony,France,64,(853) 1608134
568665,Emmy Heddon,Muff,Ireland,52,(722) 6851842
704360,Stormi Baseke,Leskovec pri Krškem,Slovenia,92,(356) 1214087
347139,Paloma Mingus,Serra da Silveira,Portugal,98,(600) 9317793
069119,Adele Whiscard,Żabia Wola,Poland,82,(914) 4585252
405107,Aline Guyer,Łomianki,Poland,38,(279) 3887769
738179,Lucretia Mulderrig,Néa Éfesos,Greece,64,(776) 6786733
560157,Ulla Drysdall,Shebunino,Russia,27,(470) 4035571
670333,Lorianna Mackiewicz,Tonkino,Russia,90,(148) 1091856
537515,Tillie Clyde,Ribaldeira,Portugal,25,(341) 6705425
863614,See Fresson,Jevišovice,Czech Republic,43,(500) 9463568
340208,Justin Clashe,Thomastown,Ireland,23,(315) 4165342
862132,Alfie Wadie,Karvia,Finland,19,(193) 1238821
097379,Livvie Peggrem,Polepy,Czech Republic,71,(644) 8319590
480130,Minor Junkin,Gnojnica,Bosnia and Herzegovina,4,(314) 3950240
715007,Price Iacoboni,Ylitornio,Finland,16,(288) 1255138
099441,Sukey Toffts,Lordelo,Portugal,27,(533) 2261836
960263,Holly-anne Worgan,Ljubovija,Serbia,9,(117) 1303623
565403,Nedda Guerrero,Moravská Třebová,Czech Republic,73,(808) 1075264
725045,Eleen Lomas,Białobrzegi,Poland,64,(864) 6641140
532262,Delphine McRinn,Velké Opatovice,Czech Republic,91,(353) 7531566
424400,Sherline Chaplyn,Halmstad,Sweden,16,(868) 7021960
996339,Meir Sherman,Sztum,Poland,88,(750) 5505637
481863,Fraser Mac Giolla Pheadair,Buzdyak,Russia,99,(689) 1596749
101604,Joeann Fidgin,Arıqıran,Azerbaijan,54,(146) 4938299
385184,Alana Meineck,Donabate,Ireland,74,(372) 1489667
071071,Joby Grime,Monsanto,Portugal,83,(953) 2482999
004677,Ilene Poundsford,Pavia,Portugal,86,(953) 1819243
516384,Mady Minocchi,Novotroitskaya,Russia,69,(386) 8035793
156107,Ximenez Monkman,Gakovo,Serbia,83,(414) 7896750
103865,Debbie Drage,Popovo,Russia,23,(956) 2921551
185084,Raynard Govini,Fonte Boa da Brincosa,Portugal,14,(441) 6377523
107048,Mona Eastcourt,Baška Voda,Croatia,91,(979) 3529934
374914,Benedikta Skeates,Carpalho,Portugal,69,(150) 7628175
361672,Andriette Flawith,Vlycháda,Greece,36,(865) 4269721
138465,Chaim Snartt,Zlaté Hory,Czech Republic,17,(877) 3278807
318337,Siobhan Barlas,Sandviken,Sweden,31,(140) 5045605
110028,Eleanore Paddie,Nikopol’,Ukraine,57,(255) 9280095
256498,Akim Franzolini,Houilles,France,92,(898) 1591030
664782,Andrea Gwillim,Fenais da Luz,Portugal,51,(360) 2146559
774351,Renee Pim,Cherëmushki,Russia,77,(938) 5161632
455406,Axel Itzkovich,Niš,Serbia,53,(828) 2882812
723606,Renae Lordon,Västerås,Sweden,62,(842) 7354387
275160,Mallissa Duker,Elaiochóri,Greece,32,(962) 6183412
154005,Nicholas Joynt,Maastricht,Netherlands,21,(585) 3831010
748246,Forrester Lukins,Shigony,Russia,45,(750) 4905165
321152,Karrie Jardine,Skaudvilė,Lithuania,56,(961) 1835672
986017,Anselma Halfhyde,Pitomača,Croatia,44,(478) 8664221
440844,Titus Huitson,Macroom,Ireland,43,(561) 2231628
671613,Amalie Chicotti,Shalinskoye,Russia,30,(769) 5990290
481213,Gabbie Killock,Pásion,Greece,13,(441) 3340755
633705,Corinna Duley,Chrastava,Czech Republic,11,(548) 9704914
755420,Almeda O'Cleary,Velykyy Klyuchiv,Ukraine,23,(244) 8275199
266012,Baudoin Feldstern,Trondheim,Norway,72,(598) 8809863
379786,Laure Heliot,Orsha,Belarus,35,(421) 6387211
146359,Cissiee Cherryman,Aghsu,Azerbaijan,75,(262) 9449354
553370,Nelson Frandsen,Campanário,Portugal,28,(644) 6045695
226973,Luce Ruddle,Neftekamsk,Russia,65,(396) 4805115
504271,Clive Raggatt,Almeria,Spain,37,(993) 3791675
694591,Joshuah Dalziel,Rzozów,Poland,42,(152) 1481853
055549,Mickey Edworthye,Haradzyeya,Belarus,23,(957) 3849140
858534,Doyle Vautrey,Sosnówka,Poland,60,(417) 1830780
460982,Cristin Sidlow,Masalovka,Russia,96,(815) 1222824
935064,Corine Cheltnam,Kurkino,Russia,51,(878) 3260794
816896,Kay Birtwhistle,Ukmerge,Lithuania,47,(708) 2869604
025732,Joshua Kleinfeld,Stanari,Bosnia and Herzegovina,39,(381) 3298930
672374,Morgun Pointer,Pogwizdów,Poland,96,(374) 9143772
970742,Ramona Strother,Morangis,France,56,(372) 8178682
253588,Aime Rentelll,Drásov,Czech Republic,98,(333) 6602566
821438,Cherida Sheeres,Dal’nerechensk,Russia,23,(327) 8233707
005387,Ardelle Gever,Pershotravneve,Ukraine,29,(459) 5819890
922751,Cornell Van Der Straaten,Santa Cristina Couto,Portugal,70,(196) 7756539
319605,Christina Scholling,Durrës,Albania,97,(216) 5091416
562548,Petr Matuszak,Kachkanar,Russia,10,(203) 6208547
495753,Michaelina Burland,Issad,Russia,34,(535) 1938422
082119,Berkley Yurinov,Honkajoki,Finland,26,(109) 3058280
048115,Adolf Eisold,Grenoble,France,95,(855) 1567586
052737,Gertrudis Sinncock,Banatski Despotovac,Serbia,8,(891) 9324715
763506,Raymond Alasdair,Waldbillig,Luxembourg,73,(574) 6098275
506086,Joaquin Humberstone,Garnich,Luxembourg,24,(536) 9164901
054193,Halsey Klimaszewski,Topchikha,Russia,25,(631) 1622637
326404,Shalna Domengue,Pervomaysk,Russia,18,(687) 1589169
622082,Monica Urian,Cotovia,Portugal,53,(344) 8501894
040098,Jeremy Cockaday,Arganil,Portugal,17,(983) 6468304
975668,Ripley Relf,Suchy Dąb,Poland,42,(125) 6950800
379199,Angelina Rushbrook,Sezemice,Czech Republic,5,(114) 1129300
493242,Mervin Gyorgy,Zhyrovichy,Belarus,100,(568) 7626039
201127,Chrissie Embury,Mionica,Bosnia and Herzegovina,47,(449) 8848422
929452,Tine Mapholm,Krasnoarmeysk,Russia,49,(728) 4866444
218969,Anabella Corbet,Hrob,Czech Republic,96,(168) 8113666
271066,Morgan Simons,Poroshkovo,Ukraine,38,(306) 8719770
681780,Marion Challener,Stráž,Czech Republic,87,(836) 8062807
482641,Elane Tripon,Müllendorf,Luxembourg,17,(256) 1086175
125903,Lara Cassely,Attard,Malta,99,(296) 4068678
959731,Darice Wombwell,Além do Rio,Portugal,28,(168) 4076924
716687,Michelle Reaper,Roma,Italy,4,(268) 1936391
783356,Tess Chatenier,Michałów-Reginów,Poland,80,(628) 1416505
987298,Alix Vasyunkin,Paris 16,France,91,(811) 7382057
948952,Merl Abelson,Årjäng,Sweden,76,(970) 8749902
434410,Freemon Thoms,Naushki,Russia,65,(687) 9928466
646220,Angil Lillgard,Semënov,Russia,49,(857) 8617906
430850,Kenton Pettigrew,Quimper,France,48,(896) 1143973
348077,Jae Meriott,Szczaniec,Poland,24,(146) 3046304
610313,Sindee Souley,Šventoji,Lithuania,62,(906) 2367489
116078,Amalia Klain,Staroutkinsk,Russia,79,(549) 5161487
794712,Jose Buckberry,Châlons-en-Champagne,France,33,(803) 9856965
238064,Tobias Huntall,Otllak,Albania,28,(276) 2614329
050179,Ninon Edwicker,Polazna,Russia,20,(409) 9718169
421830,Adriaens Plues,Międzyzdroje,Poland,84,(637) 4136827
827735,Ashlee Stollery,Lapas,Portugal,53,(335) 7122062
817968,Gaye Cardnell,Melíki,Greece,16,(377) 6343131
832664,Blinnie Bortol,Sekirnik,Macedonia,87,(162) 9821868
794923,Chick Gutman,Hafrsfjord,Norway,93,(702) 6447084
042130,Daryn Dmitrovic,Örebro,Sweden,43,(596) 5541985
614948,Hobard Wallage,Pechersk,Russia,4,(258) 6382201
561024,Price O'Skehan,Berck,France,40,(237) 3084374
143593,Kelley Lowrie,Kulevcha,Ukraine,47,(674) 9067227
129692,Tommy Casaro,Strasbourg,France,64,(498) 8928113
484999,Kit Gianelli,Paris 15,France,22,(995) 5856466
074830,Cullin Hildrew,Voskehask,Armenia,84,(909) 5655021
767738,Carly Kalkofen,Berlin,Germany,67,(796) 3140205
553673,Sybil Hallihane,Dagda,Latvia,56,(194) 5722491
293725,Arleyne Creasey,Gal’bshtadt,Russia,100,(525) 8803420
672977,Juliane Abramovic,Thaon-les-Vosges,France,16,(670) 6799312
341158,Bendick Banbury,Sovetskoye,Russia,45,(494) 9005862
434334,Domenic Broomfield,Selce,Macedonia,20,(903) 2385848
183336,Lyndell Kitt,Dashev,Ukraine,75,(211) 5815383
529536,Harrison Pretley,Mullovka,Russia,19,(939) 2277575
583431,Silvanus O'Shee,Bilajari,Azerbaijan,9,(446) 2146045
522897,Storm Fayer,Belsk Duży,Poland,53,(775) 7810734
642023,Arlyne Garthland,Nancy,France,92,(387) 1256666
178158,Venus Odam,Svrljig,Serbia,40,(542) 1149285
870787,Tome Blampy,Sinegor'ye,Russia,39,(905) 8648580
011484,Gaile Sansom,Poissy,France,77,(290) 5720265
034321,Vale Kernes,Kombësi,Albania,31,(645) 8824364
952164,Morie Syalvester,Volkhovskiy,Russia,44,(920) 7575149
695987,Caresse Fancy,Opatov,Czech Republic,17,(881) 8848287
881922,Ikey Paule,Wysoka,Poland,18,(930) 4910338
159615,Calv Southon,Tivat,Montenegro,6,(368) 7372688
316821,Florry Claworth,Jednorożec,Poland,93,(526) 3620903
343959,Mikaela Mistry,Carrascal,Portugal,98,(805) 2218622
102442,Remus Dyerson,Uniejów,Poland,21,(865) 5148019
854375,Bradley Goncalo,"Palmas De Gran Canaria, Las",Spain,60,(956) 4021854
702258,Ole Meekins,Rungis,France,58,(161) 8312813
085252,Edith Nagle,Malinovoye Ozero,Russia,63,(397) 9382473
643559,Chane Bartolic,Mengeš,Slovenia,55,(583) 9009028
553847,Law Knibbs,Rokiciny,Poland,44,(324) 2375585
697690,Brian Naulty,Kushnarënkovo,Russia,94,(988) 5236868
962418,Sallie Stiddard,Musalerr,Armenia,24,(677) 3037366
006363,Frayda De Normanville,Gorichevo,Bulgaria,22,(333) 6723898
088884,Violante Mitchenson,Timiryazevskiy,Russia,34,(523) 4430497
576702,Milissent Pamphilon,Romorantin-Lanthenay,France,88,(324) 2034366
344618,Basilio Szimoni,Pameče,Slovenia,21,(573) 4360630
641360,Gloria Succamore,Glazov,Russia,45,(499) 3575245
290379,Rois Paolone,Gelgaudiškis,Lithuania,77,(252) 3920079
515198,Martino Daily,Kristinehamn,Sweden,21,(398) 7816549
714881,Verna Goldberg,Chernelytsya,Ukraine,89,(491) 7092588
023209,Livvyy Credland,Dubrovka,Russia,48,(428) 5952204
648640,Redford Manginot,Dranoc,Kosovo,20,(343) 5780525
597110,Horatia Revington,Zavidovo,Russia,9,(951) 8978253
237299,Don Seifert,Oyonnax,France,5,(438) 9841409
385323,Waldemar Saterthwait,Vykhino-Zhulebino,Russia,60,(630) 6938478
437569,Cortney Rentcome,Izobil’nyy,Russia,67,(276) 6949649
743673,Derek Woodruffe,Podolí,Czech Republic,70,(227) 7253823
636560,Margaretha Guite,Mosty,Poland,20,(810) 2144040
851465,Eden Coton,Penedono,Portugal,26,(597) 1446994
264875,Alric Kupker,Borgholm,Sweden,73,(539) 9023312
072601,Otha Robel,Cabinteely,Ireland,6,(318) 9377156
394750,Morganne Traill,Uppsala,Sweden,80,(260) 8100633
672490,Cherin Shelf,Cruz,Portugal,11,(399) 3679319
733059,Rory Barlee,Lyubech,Ukraine,51,(511) 4755671
462388,Albertina Canacott,Pécs,Hungary,39,(360) 6033155
561649,Trever Kinney,Seredyna-Buda,Ukraine,91,(940) 1179312
682281,Gordon Alliston,Kupavna,Russia,74,(383) 3898810
494948,Mercy Gerckens,Ruzayevka,Russia,44,(296) 9298304
107277,Ronica Muggleston,Chãos,Portugal,10,(920) 5884421
504091,Nola Shoebrook,Navariya,Ukraine,22,(483) 7540040
585022,Ardenia Swadlinge,Vannes,France,9,(259) 8347007
647918,Koral Rittelmeyer,Lidköping,Sweden,4,(616) 2793803
730258,Dahlia Olley,Varge Mondar,Portugal,76,(874) 3170199
034952,Quill Creaven,Bohus,Sweden,19,(330) 9518356
208301,Ladonna Ralestone,Świdnica,Poland,48,(832) 7218888
248187,Rory Spenley,Lugar Novo,Portugal,98,(692) 2418602
672240,Hartley Bourthoumieux,Toutosa,Portugal,46,(967) 5056508
105719,Dorisa Peacham,Dalovice,Czech Republic,40,(934) 3719315
385439,Shel Cattel,Horad Barysaw,Belarus,87,(126) 2634749
997340,Brent Baugh,Barreiras,Portugal,84,(973) 6618068
238580,Caritta Miskelly,Kasimov,Russia,32,(596) 3248664
626356,Layla Bauer,Taremskoye,Russia,87,(637) 3373968
776679,Far Rutty,Le Mans,France,4,(102) 9372286
859546,Olwen Absolem,Golovchino,Russia,77,(366) 8004497
368744,Nils Gate,Senhor da Serra,Portugal,73,(265) 5641042
432250,Ardra Geertsen,Amieiro,Portugal,87,(574) 4896972
843131,Aubry Gossan,Chistopol’,Russia,21,(648) 1559320
934608,Fonz Hubane,Solnechnogorsk,Russia,69,(740) 5265556
716451,Felicle Errichi,Scholkine,Ukraine,10,(573) 7801389
965765,Armand McMillian,Tomaševac,Serbia,36,(566) 9748972
322600,Pebrook Pinhorn,Huta Stara B,Poland,25,(825) 4279292
262607,Erik Lotherington,Wapno,Poland,59,(496) 1866226
725259,Victor Davana,Arrifes,Portugal,88,(637) 8336495
211389,Butch Yarrall,Agen,France,78,(657) 3708057
878536,Freeland Carlyon,Kudymkar,Russia,1,(970) 7232111
176577,Willabella Kynan,Dalmatovo,Russia,86,(510) 4143229
447290,Kirsten Gross,Pryluky,Ukraine,69,(380) 2272682
099824,Cally Pley,Kagal’nitskaya,Russia,17,(845) 8533232
179982,Amby Arlet,Boychinovtsi,Bulgaria,82,(312) 9463326
708568,Pierrette Pittson,Cisownica,Poland,76,(504) 1944671
210160,Vania De Maria,Göteborg,Sweden,4,(869) 6146564
042214,Brooke Lawee,Gavarr,Armenia,45,(180) 9985920
309819,Dee Parcells,Berezne,Ukraine,20,(936) 8601677
817563,Donetta Gilby,Ralevka,Ukraine,7,(572) 4226359
330299,Reine Yoell,Koímisi,Greece,68,(641) 3496094
740815,Kathy Claxson,Sobotka,Czech Republic,41,(818) 4813808
563095,Jaquenette Blanch,Montaigu,France,14,(822) 4356819
181691,Cirilo Murrock,Železná Ruda,Czech Republic,42,(736) 2082147
